City,State,Quantity,Time Difference in Days,isCOD,Date Placed,State_cat,City_cat
South Andaman,Andaman & Nicobar,2,12.72,True,2021-01-15 11:02,0,238
South Andaman,Andaman & Nicobar,1,8.52,True,2021-01-13 03:58,0,238
South Andaman,Andaman & Nicobar,2,13.63,False,2021-01-15 01:24,0,238
East Godavari,Andhra Pradesh,2,9.47,True,2021-01-28 14:48,1,71
West Godavari,Andhra Pradesh,2,6.68,False,2021-01-20 10:16,1,277
Ananthapur,Andhra Pradesh,2,5.17,False,2021-01-30 18:07,1,11
Guntur,Andhra Pradesh,2,5.76,False,2021-01-20 05:41,1,93
Nellore,Andhra Pradesh,6,7.62,False,2021-01-29 09:23,1,182
Vizianagaram,Andhra Pradesh,1,45.71,True,2021-01-10 13:23,1,271
Chittoor,Andhra Pradesh,2,4.78,False,2021-01-19 08:59,1,48
Srikakulam,Andhra Pradesh,4,9.08,True,2021-01-29 07:09,1,242
Srikakulam,Andhra Pradesh,2,4.13,False,2021-01-16 04:17,1,242
Kurnool,Andhra Pradesh,2,4.9,True,2021-01-19 03:44,1,150
Kurnool,Andhra Pradesh,2,4.74,True,2021-01-26 10:07,1,150
Srikakulam,Andhra Pradesh,2,8.44,True,2021-01-30 20:23,1,242
Krishna,Andhra Pradesh,2,5.83,True,2021-01-25 09:22,1,148
West Godavari,Andhra Pradesh,2,11.32,False,2021-01-09 06:24,1,277
East Godavari,Andhra Pradesh,2,8.0,True,2021-01-28 04:43,1,71
Nellore,Andhra Pradesh,2,9.39,False,2021-01-30 04:13,1,182
Guntur,Andhra Pradesh,2,4.6,False,2021-01-12 10:39,1,93
Visakhapatnam,Andhra Pradesh,2,11.56,False,2021-01-25 14:53,1,270
East Godavari,Andhra Pradesh,2,4.26,True,2021-01-18 00:52,1,71
East Godavari,Andhra Pradesh,2,8.08,True,2021-01-30 00:57,1,71
Chittoor,Andhra Pradesh,2,4.81,False,2021-01-17 05:20,1,48
Chittoor,Andhra Pradesh,1,7.22,True,2021-01-02 08:31,1,48
Cuddapah,Andhra Pradesh,2,22.32,True,2021-01-18 04:32,1,53
Kurnool,Andhra Pradesh,1,6.76,False,2021-01-02 10:36,1,150
Chittoor,Andhra Pradesh,2,5.62,True,2021-01-16 13:45,1,48
Chittoor,Andhra Pradesh,2,6.83,False,2021-01-18 07:17,1,48
Krishna,Andhra Pradesh,2,4.62,True,2021-01-18 09:16,1,148
Kurnool,Andhra Pradesh,2,4.83,True,2021-01-18 09:51,1,150
Krishna,Andhra Pradesh,2,5.7,False,2021-01-16 10:04,1,148
Guntur,Andhra Pradesh,1,3.73,False,2021-01-13 06:21,1,93
East Godavari,Andhra Pradesh,1,12.74,False,2021-01-04 11:15,1,71
East Godavari,Andhra Pradesh,2,8.96,True,2021-01-30 05:22,1,71
Krishna,Andhra Pradesh,2,4.95,False,2021-01-22 04:14,1,148
Krishna,Andhra Pradesh,1,6.81,False,2021-01-04 11:35,1,148
Kurnool,Andhra Pradesh,2,4.47,False,2021-01-07 16:48,1,150
Chittoor,Andhra Pradesh,8,3.9,False,2021-01-14 03:12,1,48
Guntur,Andhra Pradesh,1,4.1,True,2021-01-08 05:15,1,93
Visakhapatnam,Andhra Pradesh,2,8.87,True,2021-01-31 10:54,1,270
Chittoor,Andhra Pradesh,2,4.02,False,2021-01-14 01:50,1,48
Krishna,Andhra Pradesh,2,5.43,True,2021-01-14 16:24,1,148
Guntur,Andhra Pradesh,2,4.81,True,2021-01-22 04:59,1,93
Krishna,Andhra Pradesh,2,5.81,True,2021-01-23 05:03,1,148
Cuddapah,Andhra Pradesh,2,5.41,True,2021-01-07 16:24,1,53
Visakhapatnam,Andhra Pradesh,2,5.87,False,2021-01-31 14:13,1,270
Ananthapur,Andhra Pradesh,1,7.37,True,2021-01-05 02:32,1,11
East Godavari,Andhra Pradesh,1,8.62,True,2021-01-01 15:40,1,71
Cuddapah,Andhra Pradesh,2,18.74,True,2021-01-23 05:10,1,53
Visakhapatnam,Andhra Pradesh,1,12.09,True,2021-01-07 03:43,1,270
Guntur,Andhra Pradesh,2,5.68,True,2021-01-23 07:34,1,93
Ananthapur,Andhra Pradesh,2,4.5,True,2021-01-14 11:37,1,11
Visakhapatnam,Andhra Pradesh,2,5.33,True,2021-01-23 16:04,1,270
Visakhapatnam,Andhra Pradesh,2,5.56,True,2021-01-21 16:57,1,270
Visakhapatnam,Andhra Pradesh,2,5.72,True,2021-01-14 10:30,1,270
Guntur,Andhra Pradesh,2,5.88,True,2021-01-14 06:13,1,93
Guntur,Andhra Pradesh,1,8.85,True,2021-01-01 10:24,1,93
Tirap,Arunachal Pradesh,2,6.95,True,2021-01-23 01:57,2,253
Papum Pare,Arunachal Pradesh,2,5.15,True,2021-01-18 21:03,2,196
Papum Pare,Arunachal Pradesh,2,8.42,True,2021-01-26 17:40,2,196
East Siang,Arunachal Pradesh,2,34.33,True,2021-01-14 00:34,2,74
Lower Dibang Valley,Arunachal Pradesh,2,7.88,False,2021-01-20 01:48,2,153
Lower Subansiri,Arunachal Pradesh,2,5.36,True,2021-01-27 13:21,2,154
Papum Pare,Arunachal Pradesh,2,6.45,True,2021-01-28 14:05,2,196
Lower Dibang Valley,Arunachal Pradesh,2,7.36,True,2021-01-21 17:05,2,153
Papum Pare,Arunachal Pradesh,2,13.83,True,2021-01-08 10:27,2,196
Tinsukia,Assam,2,9.79,True,2021-01-29 06:53,3,252
Dibrugarh,Assam,2,6.77,True,2021-01-21 12:19,3,66
Dibrugarh,Assam,1,6.42,False,2021-01-06 17:24,3,66
Kamrup,Assam,2,4.5,True,2021-01-24 16:56,3,122
Guwahati,Assam,2,5.37,True,2021-01-23 16:07,3,96
Karbi Anglong,Assam,2,9.33,True,2021-01-29 19:20,3,131
Kamrup,Assam,1,6.51,False,2021-01-09 17:47,3,122
Sibsagar,Assam,2,5.82,False,2021-01-27 07:51,3,230
Dibrugarh,Assam,2,6.5,False,2021-01-27 15:14,3,66
Kamrup,Assam,1,6.65,False,2021-01-02 17:03,3,122
Sibsagar,Assam,2,6.72,True,2021-01-20 08:16,3,230
Kamrup,Assam,1,7.59,True,2021-01-11 17:14,3,122
Kamrup,Assam,2,5.52,True,2021-01-23 15:18,3,122
Jorhat,Assam,2,7.61,True,2021-01-21 13:39,3,118
Kamrup,Assam,2,9.86,True,2021-01-26 07:26,3,122
Kamrup,Assam,2,4.67,True,2021-01-26 09:25,3,122
Golaghat,Assam,2,7.89,True,2021-01-15 14:31,3,88
Kamrup,Assam,2,5.69,False,2021-01-26 09:06,3,122
Sonitpur,Assam,2,6.72,True,2021-01-14 10:33,3,236
Darbhanga,Bihar,2,4.05,False,2021-01-20 03:19,4,57
West Champaran,Bihar,2,6.4,False,2021-01-31 14:56,4,275
Muzaffarpur,Bihar,2,6.57,True,2021-01-30 13:44,4,173
East Champaran,Bihar,2,5.32,True,2021-01-24 16:43,4,69
Patna,Bihar,1,4.3,True,2021-01-11 17:54,4,200
Purnia,Bihar,1,7.04,True,2021-01-29 05:59,4,205
Siwan,Bihar,2,4.19,True,2021-01-20 01:43,4,232
Bhojpur,Bihar,2,9.82,True,2021-01-17 05:23,4,35
Darbhanga,Bihar,1,5.13,True,2021-01-09 03:37,4,57
Patna,Bihar,2,4.04,False,2021-01-22 03:01,4,200
East Champaran,Bihar,2,4.9,True,2021-01-30 08:05,4,69
Patna,Bihar,2,6.84,True,2021-01-25 04:27,4,200
Bhagalpur,Bihar,1,4.83,True,2021-01-07 10:27,4,30
Patna,Bihar,1,7.14,False,2021-01-04 04:39,4,200
Patna,Bihar,2,3.6,True,2021-01-26 16:18,4,200
Supaul,Bihar,2,6.92,True,2021-01-31 03:30,4,246
Patna,Bihar,2,3.77,True,2021-01-07 08:23,4,200
Chandigarh,Chandigarh,2,3.91,True,2021-01-10 08:10,5,41
Chandigarh,Chandigarh,2,5.98,True,2021-01-14 05:06,5,41
Chandigarh,Chandigarh,2,1.96,False,2021-01-20 03:48,5,41
Chandigarh,Chandigarh,2,4.54,True,2021-01-16 12:11,5,41
Chandigarh,Chandigarh,1,3.5,True,2021-01-19 12:49,5,41
Chandigarh,Chandigarh,1,4.63,True,2021-01-02 12:34,5,41
Chandigarh,Chandigarh,2,3.26,True,2021-01-24 18:45,5,41
Surguja,Chattisgarh,1,5.35,False,2021-01-10 02:23,6,248
Raipur,Chattisgarh,2,3.51,True,2021-01-26 10:09,6,208
Raipur,Chattisgarh,4,4.58,False,2021-01-26 12:24,6,208
Durg,Chattisgarh,1,5.7,True,2021-01-02 13:58,6,68
Raipur,Chattisgarh,2,6.63,False,2021-01-08 09:50,6,208
Raigarh,Chattisgarh,2,4.66,True,2021-01-04 15:01,6,206
Durg,Chattisgarh,2,2.84,False,2021-01-19 03:17,6,68
Raipur,Chattisgarh,2,2.06,True,2021-01-30 05:59,6,208
Raipur,Chattisgarh,1,4.36,True,2021-01-12 18:06,6,208
East Delhi,Delhi,2,1.77,True,2021-01-26 16:25,7,70
West Delhi,Delhi,2,2.28,False,2021-01-15 05:33,7,276
East Delhi,Delhi,2,3.44,False,2021-01-25 19:34,7,70
East Delhi,Delhi,2,1.29,True,2021-01-15 05:03,7,70
Central Delhi,Delhi,2,6.6,True,2021-01-27 21:16,7,39
North West Delhi,Delhi,1,1.3,False,2021-01-06 05:15,7,191
North Delhi,Delhi,2,1.46,False,2021-01-27 19:00,7,188
West Delhi,Delhi,1,3.73,True,2021-01-08 16:26,7,276
North West Delhi,Delhi,2,2.84,True,2021-01-15 09:02,7,191
North West Delhi,Delhi,2,1.96,True,2021-01-15 09:07,7,191
South West Delhi,Delhi,2,1.04,True,2021-01-28 04:31,7,241
Central Delhi,Delhi,2,2.8,False,2021-01-15 09:36,7,39
East Delhi,Delhi,2,2.12,True,2021-01-28 04:50,7,70
North Delhi,Delhi,1,2.54,False,2021-01-01 17:05,7,188
East Delhi,Delhi,2,1.61,True,2021-01-26 14:54,7,70
East Delhi,Delhi,2,3.74,True,2021-01-21 10:31,7,70
North East Delhi,Delhi,2,3.1,True,2021-01-21 09:57,7,189
West Delhi,Delhi,2,1.16,False,2021-01-28 06:30,7,276
South West Delhi,Delhi,2,2.83,False,2021-01-21 14:21,7,241
South Delhi,Delhi,1,1.78,False,2021-01-05 10:18,7,239
Central Delhi,Delhi,1,1.11,False,2021-01-08 05:18,7,39
South Delhi,Delhi,2,3.52,True,2021-01-21 21:08,7,239
South West Delhi,Delhi,1,2.31,True,2021-01-04 22:59,7,241
North Delhi,Delhi,2,1.84,True,2021-01-14 15:37,7,188
South West Delhi,Delhi,2,1.76,False,2021-01-14 13:11,7,241
South Delhi,Delhi,2,2.3,True,2021-01-27 04:37,7,239
North East Delhi,Delhi,1,1.03,False,2021-01-05 05:29,7,189
West Delhi,Delhi,2,4.06,True,2021-01-23 09:09,7,276
West Delhi,Delhi,2,29.26,True,2021-01-06 03:46,7,276
North East Delhi,Delhi,2,2.74,True,2021-01-14 10:40,7,189
South West Delhi,Delhi,2,3.81,False,2021-01-23 16:16,7,241
North East Delhi,Delhi,2,3.7,True,2021-01-23 16:47,7,189
East Delhi,Delhi,2,2.7,True,2021-01-05 07:21,7,70
East Delhi,Delhi,2,2.17,True,2021-01-26 08:22,7,70
North East Delhi,Delhi,1,1.5,False,2021-01-06 17:14,7,189
Central Delhi,Delhi,2,4.49,True,2021-01-23 21:29,7,39
East Delhi,Delhi,2,3.24,True,2021-01-24 04:17,7,70
North West Delhi,Delhi,2,2.64,True,2021-01-31 14:25,7,191
South West Delhi,Delhi,2,1.07,True,2021-01-15 04:08,7,241
East Delhi,Delhi,2,3.31,True,2021-01-24 07:48,7,70
South Delhi,Delhi,2,1.16,False,2021-01-27 07:38,7,239
North Delhi,Delhi,2,1.96,False,2021-01-27 12:37,7,188
East Delhi,Delhi,2,2.71,True,2021-01-26 16:57,7,70
West Delhi,Delhi,2,3.08,False,2021-01-31 09:45,7,276
North West Delhi,Delhi,1,3.86,True,2021-01-01 13:28,7,191
West Delhi,Delhi,2,2.05,True,2021-01-27 10:00,7,276
East Delhi,Delhi,2,2.06,True,2021-01-22 08:51,7,70
North West Delhi,Delhi,2,2.08,False,2021-01-22 08:55,7,191
South West Delhi,Delhi,2,3.68,True,2021-01-14 17:18,7,241
West Delhi,Delhi,1,1.76,True,2021-01-01 11:21,7,276
South West Delhi,Delhi,2,3.28,True,2021-01-24 08:56,7,241
East Delhi,Delhi,1,2.45,True,2021-01-04 19:41,7,70
South West Delhi,Delhi,2,2.12,True,2021-01-27 08:36,7,241
West Delhi,Delhi,1,1.76,True,2021-01-07 12:32,7,276
North Delhi,Delhi,2,1.8,True,2021-01-14 16:36,7,188
North Delhi,Delhi,2,2.53,False,2021-01-22 17:48,7,188
South West Delhi,Delhi,1,4.82,False,2021-01-01 10:35,7,241
North Delhi,Delhi,2,3.91,True,2021-01-21 08:03,7,188
West Delhi,Delhi,2,6.03,False,2021-01-28 09:29,7,276
West Delhi,Delhi,2,2.84,False,2021-01-19 08:43,7,276
North West Delhi,Delhi,2,2.71,True,2021-01-19 12:21,7,191
North Delhi,Delhi,2,2.08,True,2021-01-19 11:03,7,188
South West Delhi,Delhi,2,1.63,True,2021-01-15 17:35,7,241
East Delhi,Delhi,2,1.41,False,2021-01-15 18:20,7,70
North West Delhi,Delhi,2,1.09,False,2021-01-16 03:02,7,191
Central Delhi,Delhi,1,1.87,False,2021-01-28 08:16,7,39
South West Delhi,Delhi,2,3.16,False,2021-01-24 04:23,7,241
West Delhi,Delhi,1,2.89,True,2021-01-02 15:16,7,276
South Delhi,Delhi,2,5.07,True,2021-01-29 08:41,7,239
South Delhi,Delhi,2,1.04,True,2021-01-16 04:47,7,239
West Delhi,Delhi,2,0.85,False,2021-01-11 07:38,7,276
West Delhi,Delhi,1,2.0,True,2021-01-03 10:08,7,276
North West Delhi,Delhi,1,1.79,True,2021-01-03 10:04,7,191
South Delhi,Delhi,2,1.55,True,2021-01-18 22:44,7,239
Central Delhi,Delhi,2,1.59,False,2021-01-13 15:36,7,39
North West Delhi,Delhi,2,1.77,False,2021-01-13 14:45,7,191
South West Delhi,Delhi,1,1.85,True,2021-01-11 09:15,7,241
West Delhi,Delhi,2,4.32,True,2021-01-03 01:29,7,276
North East Delhi,Delhi,2,14.0,True,2021-01-13 12:34,7,189
South West Delhi,Delhi,2,1.72,True,2021-01-18 16:03,7,241
West Delhi,Delhi,1,1.56,True,2021-01-11 16:36,7,276
South West Delhi,Delhi,2,2.08,True,2021-01-26 10:21,7,241
East Delhi,Delhi,2,1.8,True,2021-01-18 10:54,7,70
East Delhi,Delhi,2,1.86,True,2021-01-18 09:57,7,70
North Delhi,Delhi,4,4.86,True,2021-01-16 10:49,7,188
South Delhi,Delhi,2,2.06,False,2021-01-13 11:13,7,239
South Delhi,Delhi,2,1.11,False,2021-01-18 08:09,7,239
Central Delhi,Delhi,2,1.67,True,2021-01-29 15:07,7,39
South West Delhi,Delhi,2,3.91,True,2021-01-30 11:59,7,241
South Delhi,Delhi,1,1.95,True,2021-01-19 12:35,7,239
West Delhi,Delhi,2,21.58,False,2021-01-16 14:15,7,276
South Delhi,Delhi,2,7.36,True,2021-01-29 05:11,7,239
South West Delhi,Delhi,1,1.25,False,2021-01-18 05:35,7,241
West Delhi,Delhi,2,6.06,True,2021-01-09 06:44,7,276
South Delhi,Delhi,2,1.03,True,2021-01-06 06:31,7,239
South West Delhi,Delhi,2,1.21,False,2021-01-21 06:25,7,241
South West Delhi,Delhi,2,1.9,True,2021-01-17 13:10,7,241
West Delhi,Delhi,2,1.21,True,2021-01-21 05:48,7,276
North West Delhi,Delhi,1,1.54,False,2021-01-05 15:03,7,191
South West Delhi,Delhi,2,2.08,False,2021-01-17 08:53,7,241
South Delhi,Delhi,2,1.22,True,2021-01-21 04:01,7,239
South West Delhi,Delhi,2,1.62,False,2021-01-20 19:49,7,241
East Delhi,Delhi,2,5.73,False,2021-01-13 17:19,7,70
South Delhi,Delhi,1,2.44,True,2021-01-09 17:54,7,239
North Delhi,Delhi,2,1.79,False,2021-01-13 16:22,7,188
South West Delhi,Delhi,2,1.91,False,2021-01-15 12:54,7,241
South Delhi,Delhi,1,2.24,False,2021-01-10 05:09,7,239
West Delhi,Delhi,1,1.22,True,2021-01-04 07:01,7,276
New Delhi,Delhi,2,6.59,True,2021-01-28 15:58,7,183
North West Delhi,Delhi,2,2.86,False,2021-01-02 13:57,7,191
East Delhi,Delhi,2,1.25,False,2021-01-29 03:58,7,70
Central Delhi,Delhi,1,0.79,True,2021-01-13 06:06,7,39
North West Delhi,Delhi,1,2.87,False,2021-01-02 14:32,7,191
South Delhi,Delhi,2,2.79,False,2021-01-19 17:52,7,239
North West Delhi,Delhi,1,3.26,False,2021-01-02 04:32,7,191
North West Delhi,Delhi,2,1.68,False,2021-01-15 16:37,7,191
North West Delhi,Delhi,1,1.43,False,2021-01-10 18:35,7,191
South Delhi,Delhi,1,2.66,False,2021-01-02 17:55,7,239
North West Delhi,Delhi,2,5.67,True,2021-01-28 18:24,7,191
South West Delhi,Delhi,2,0.92,False,2021-01-12 05:56,7,241
North West Delhi,Delhi,2,24.38,False,2021-01-30 01:13,7,191
North West Delhi,Delhi,2,2.15,True,2021-01-10 09:05,7,191
East Delhi,Delhi,2,1.91,False,2021-01-06 08:43,7,70
North West Delhi,Delhi,2,1.51,True,2021-01-13 15:59,7,191
North West Delhi,Delhi,1,1.12,False,2021-01-06 03:41,7,191
South Goa,Goa,2,5.91,True,2021-01-27 03:03,8,240
North Goa,Goa,2,7.08,False,2021-01-25 07:00,8,190
North Goa,Goa,2,6.86,True,2021-01-18 11:01,8,190
North Goa,Goa,1,3.89,False,2021-01-11 06:54,8,190
South Goa,Goa,1,5.74,True,2021-01-05 17:49,8,240
North Goa,Goa,2,5.41,False,2021-01-19 17:30,8,190
South Goa,Goa,2,6.37,True,2021-01-26 16:38,8,240
North Goa,Goa,1,5.98,False,2021-01-05 11:56,8,190
North Goa,Goa,2,5.82,False,2021-01-26 09:39,8,190
North Goa,Goa,2,6.05,True,2021-01-21 04:50,8,190
South Goa,Goa,2,4.89,True,2021-01-28 05:31,8,240
North Goa,Goa,2,5.87,False,2021-01-06 09:42,8,190
North Goa,Goa,2,7.91,False,2021-01-14 11:59,8,190
Bharuch,Gujarat,2,3.84,True,2021-01-24 06:21,9,31
Vijapur,Gujarat,1,9.64,True,2021-01-06 13:23,9,268
Ahmedabad,Gujarat,2,2.59,False,2021-01-24 14:44,9,4
Jamnagar,Gujarat,2,3.02,False,2021-01-25 00:56,9,111
Navsari,Gujarat,1,3.8,False,2021-01-18 05:35,9,180
Junagadh,Gujarat,2,5.1,True,2021-01-23 00:32,9,119
Gandhi Nagar,Gujarat,2,4.76,True,2021-01-11 09:40,9,83
Ahmedabad,Gujarat,2,3.9,True,2021-01-18 07:13,9,4
Rajkot,Gujarat,2,3.9,True,2021-01-18 05:49,9,209
Surat,Gujarat,2,17.66,True,2021-01-17 17:18,9,247
Ahmedabad,Gujarat,2,17.67,True,2021-01-17 16:57,9,4
Surat,Gujarat,2,6.44,True,2021-01-17 11:59,9,247
Vadodara,Gujarat,2,3.64,False,2021-01-17 07:20,9,264
Valsad,Gujarat,2,4.45,True,2021-01-15 16:22,9,265
Surat,Gujarat,2,4.54,False,2021-01-13 17:58,9,247
Vadodara,Gujarat,1,4.33,True,2021-01-13 18:29,9,264
Rajkot,Gujarat,2,3.73,True,2021-01-15 06:00,9,209
Surat,Gujarat,2,3.79,True,2021-01-15 05:02,9,247
Jamnagar,Gujarat,2,3.92,True,2021-01-15 04:00,9,111
Valsad,Gujarat,2,7.78,True,2021-01-14 11:01,9,265
Surat,Gujarat,2,4.94,True,2021-01-14 05:48,9,247
Vadodara,Gujarat,2,2.36,False,2021-01-18 21:11,9,264
Ahmedabad,Gujarat,2,2.95,True,2021-01-19 07:17,9,4
Surat,Gujarat,2,4.65,True,2021-01-19 12:45,9,247
Ahmedabad,Gujarat,2,3.68,True,2021-01-20 08:30,9,4
Surat,Gujarat,2,4.39,True,2021-01-07 14:03,9,247
Rajkot,Gujarat,1,4.27,True,2021-01-08 07:54,9,209
Surat,Gujarat,2,5.61,True,2021-01-21 18:40,9,247
Ahmedabad,Gujarat,2,3.43,False,2021-01-21 18:00,9,4
Vadodara,Gujarat,2,7.54,True,2021-01-08 11:54,9,264
Surat,Gujarat,2,5.36,True,2021-01-21 17:15,9,247
Ahmedabad,Gujarat,1,3.32,True,2021-01-21 15:50,9,4
Vadodara,Gujarat,2,4.77,True,2021-01-23 06:56,9,264
Rajkot,Gujarat,1,4.91,True,2021-01-08 16:08,9,209
Rajkot,Gujarat,1,3.42,True,2021-01-09 03:11,9,209
Gandhi Nagar,Gujarat,2,5.57,False,2021-01-21 11:07,9,83
Surat,Gujarat,2,5.61,True,2021-01-21 10:09,9,247
Ahmedabad,Gujarat,2,3.84,True,2021-01-21 08:51,9,4
Valsad,Gujarat,1,2.1,True,2021-01-09 05:55,9,265
Vadodara,Gujarat,2,6.13,False,2021-01-09 06:53,9,264
Surat,Gujarat,2,3.43,True,2021-01-20 17:21,9,247
Ahmedabad,Gujarat,2,3.63,True,2021-01-21 12:40,9,4
Ahmedabad,Gujarat,2,2.88,True,2021-01-20 02:50,9,4
Surat,Gujarat,1,4.74,False,2021-01-07 13:16,9,247
Ahmedabad,Gujarat,2,7.42,True,2021-01-29 15:32,9,4
Kachchh,Gujarat,1,3.07,True,2021-01-04 10:14,9,121
Bhavnagar,Gujarat,1,5.81,True,2021-01-03 10:35,9,32
Patan,Gujarat,2,4.7,True,2021-01-26 09:11,9,198
Surat,Gujarat,2,8.77,False,2021-01-28 09:19,9,247
Ahmedabad,Gujarat,4,5.66,True,2021-01-30 09:07,9,4
Rajkot,Gujarat,1,4.73,True,2021-01-05 18:06,9,209
Ahmedabad,Gujarat,2,2.76,True,2021-01-28 05:19,9,4
Anand,Gujarat,1,4.68,True,2021-01-01 16:38,9,10
Jamnagar,Gujarat,2,10.04,True,2021-01-30 09:09,9,111
Ahmedabad,Gujarat,1,2.94,True,2021-01-04 09:07,9,4
Navsari,Gujarat,1,4.82,True,2021-01-27 09:22,9,180
Valsad,Gujarat,2,6.71,True,2021-01-29 07:44,9,265
Panch Mahals,Gujarat,2,4.44,False,2021-01-26 14:12,9,194
Surat,Gujarat,2,3.47,True,2021-01-27 14:10,9,247
Ahmedabad,Gujarat,1,2.83,True,2021-01-03 09:12,9,4
Rajkot,Gujarat,2,4.44,True,2021-01-31 14:42,9,209
Ahmedabad,Gujarat,1,4.16,False,2021-01-05 07:04,9,4
Surat,Gujarat,2,5.55,True,2021-01-30 17:33,9,247
Surat,Gujarat,1,4.1,True,2021-01-03 10:12,9,247
Gurgaon,Haryana,2,1.03,False,2021-01-27 04:26,10,95
Gurgaon,Haryana,2,3.86,False,2021-01-30 14:52,10,95
Gurgaon,Haryana,2,1.67,False,2021-01-13 12:13,10,95
Faridabad,Haryana,2,6.8,False,2021-01-28 13:39,10,78
Panchkula,Haryana,2,2.74,True,2021-01-20 15:51,10,195
Faridabad,Haryana,1,2.49,True,2021-01-11 11:17,10,78
Gurgaon,Haryana,2,3.09,True,2021-01-25 03:22,10,95
Sonipat,Haryana,2,3.77,False,2021-01-23 18:26,10,235
Gurgaon,Haryana,2,3.7,False,2021-01-30 12:47,10,95
Faridabad,Haryana,2,3.02,True,2021-01-17 05:29,10,78
Gurgaon,Haryana,4,2.96,False,2021-01-23 08:08,10,95
Gurgaon,Haryana,2,1.86,False,2021-01-15 06:59,10,95
Panchkula,Haryana,2,3.25,False,2021-01-15 06:07,10,195
Gurgaon,Haryana,1,1.75,False,2021-01-03 12:28,10,95
Ambala,Haryana,1,3.01,False,2021-01-11 06:39,10,8
Faridabad,Haryana,2,2.86,True,2021-01-16 13:08,10,78
Yamuna Nagar,Haryana,2,3.64,True,2021-01-16 16:37,10,280
Faridabad,Haryana,2,4.83,False,2021-01-23 15:01,10,78
Faridabad,Haryana,1,2.67,False,2021-01-03 12:40,10,78
Rohtak,Haryana,2,3.06,True,2021-01-17 03:19,10,218
Sonipat,Haryana,2,14.1,True,2021-01-19 10:25,10,235
Panchkula,Haryana,3,3.14,False,2021-01-05 08:11,10,195
Gurgaon,Haryana,2,1.65,False,2021-01-13 11:58,10,95
Gurgaon,Haryana,2,5.7,True,2021-01-20 15:52,10,95
Gurgaon,Haryana,2,2.72,False,2021-01-31 12:36,10,95
Gurgaon,Haryana,2,3.21,True,2021-01-31 05:15,10,95
Rohtak,Haryana,1,4.55,True,2021-01-12 10:59,10,218
Panchkula,Haryana,2,2.56,False,2021-01-15 20:25,10,195
Gurgaon,Haryana,2,4.58,False,2021-01-08 12:10,10,95
Bhiwani,Haryana,2,7.67,True,2021-01-27 12:32,10,34
Panchkula,Haryana,2,2.63,False,2021-01-17 18:25,10,195
Ambala,Haryana,2,2.5,False,2021-01-17 18:29,10,8
Gurgaon,Haryana,1,0.73,True,2021-01-08 05:58,10,95
Faridabad,Haryana,2,2.67,True,2021-01-15 15:49,10,78
Gurgaon,Haryana,2,1.12,True,2021-01-16 05:02,10,95
Gurgaon,Haryana,2,2.1,False,2021-01-22 07:04,10,95
Gurgaon,Haryana,1,9.93,True,2021-01-08 12:06,10,95
Jhajjar,Haryana,2,5.63,True,2021-01-23 21:29,10,114
Karnal,Haryana,2,2.02,True,2021-01-16 05:21,10,133
Gurgaon,Haryana,2,1.44,False,2021-01-26 19:04,10,95
Panchkula,Haryana,2,4.27,False,2021-01-15 03:58,10,195
Panchkula,Haryana,1,2.04,False,2021-01-04 04:56,10,195
Yamuna Nagar,Haryana,1,6.31,True,2021-01-02 05:37,10,280
Gurgaon,Haryana,2,1.06,True,2021-01-21 03:14,10,95
Panchkula,Haryana,2,5.12,False,2021-01-16 09:05,10,195
Gurgaon,Haryana,1,0.74,False,2021-01-13 05:01,10,95
Faridabad,Haryana,2,2.0,False,2021-01-19 10:46,10,78
Gurgaon,Haryana,1,2.46,True,2021-01-02 18:03,10,95
Rohtak,Haryana,1,5.99,True,2021-01-28 10:21,10,218
Faridabad,Haryana,1,1.54,False,2021-01-06 15:46,10,78
Jhajjar,Haryana,2,2.5,True,2021-01-12 19:29,10,114
Gurgaon,Haryana,2,3.84,True,2021-01-14 11:48,10,95
Gurgaon,Haryana,2,3.97,True,2021-01-21 07:20,10,95
Faridabad,Haryana,2,3.06,False,2021-01-31 10:06,10,78
Panchkula,Haryana,1,2.04,False,2021-01-04 04:56,10,195
Rewari,Haryana,2,1.94,False,2021-01-18 07:16,10,217
Faridabad,Haryana,1,4.82,False,2021-01-05 15:54,10,78
Sonipat,Haryana,2,2.99,False,2021-01-18 09:34,10,235
Gurgaon,Haryana,1,1.73,True,2021-01-05 06:04,10,95
Shimla,Himachal Pradesh,2,3.38,True,2021-01-18 15:47,11,229
Solan,Himachal Pradesh,2,2.82,False,2021-01-15 07:52,11,233
Shimla,Himachal Pradesh,2,3.61,False,2021-01-29 12:28,11,229
Mandi,Himachal Pradesh,2,3.89,True,2021-01-21 03:55,11,159
Shimla,Himachal Pradesh,2,3.41,True,2021-01-29 14:48,11,229
Kangra,Himachal Pradesh,2,7.57,False,2021-01-22 12:45,11,124
Shimla,Himachal Pradesh,2,2.76,False,2021-01-14 10:44,11,229
Kangra,Himachal Pradesh,2,2.82,False,2021-01-22 12:12,11,124
Shimla,Himachal Pradesh,1,1.86,False,2021-01-08 05:11,11,229
Leh,Jammu & Kashmir,1,3.42,True,2021-01-07 18:45,12,152
Udhampur,Jammu & Kashmir,2,4.86,True,2021-01-31 10:10,12,261
Kathua,Jammu & Kashmir,2,10.91,True,2021-01-21 09:21,12,135
Budgam,Jammu & Kashmir,2,5.99,True,2021-01-22 07:18,12,38
Jammu,Jammu & Kashmir,1,4.43,True,2021-01-10 13:28,12,110
Jammu,Jammu & Kashmir,2,1.94,True,2021-01-29 02:58,12,110
Jammu,Jammu & Kashmir,2,7.53,True,2021-01-10 13:49,12,110
Leh,Jammu & Kashmir,1,8.3,True,2021-01-01 03:57,12,152
Jammu,Jammu & Kashmir,1,2.7,False,2021-01-11 09:03,12,110
Jammu,Jammu & Kashmir,2,3.94,True,2021-01-26 02:07,12,110
Srinagar,Jammu & Kashmir,2,5.5,True,2021-01-26 13:06,12,243
Jammu,Jammu & Kashmir,2,2.67,False,2021-01-18 10:46,12,110
Udhampur,Jammu & Kashmir,2,2.01,True,2021-01-25 04:50,12,261
Kathua,Jammu & Kashmir,2,4.53,True,2021-01-17 12:13,12,135
Jammu,Jammu & Kashmir,2,3.26,True,2021-01-18 18:22,12,110
Jammu,Jammu & Kashmir,2,3.57,True,2021-01-19 10:45,12,110
Leh,Jammu & Kashmir,2,4.55,False,2021-01-18 16:17,12,152
Jammu,Jammu & Kashmir,2,3.65,False,2021-01-25 10:17,12,110
Jammu,Jammu & Kashmir,2,2.6,True,2021-01-19 14:18,12,110
Jammu,Jammu & Kashmir,1,3.67,False,2021-01-01 13:56,12,110
Kathua,Jammu and Kashmir,1,5.89,True,2021-01-08 08:58,13,135
Jamtara,Jharkhand,2,3.28,False,2021-01-19 17:44,14,112
Dhanbad,Jharkhand,2,3.79,True,2021-01-19 08:00,14,63
Ranchi,Jharkhand,2,4.85,True,2021-01-26 07:14,14,212
Ranchi,Jharkhand,1,3.21,True,2021-01-06 19:22,14,212
Ranchi,Jharkhand,2,6.02,True,2021-01-23 23:07,14,212
Bangalore,Karnataka,2,6.93,True,2021-01-30 02:45,15,18
Bangalore,Karnataka,4,4.62,False,2021-01-18 09:30,15,18
Bangalore,Karnataka,2,8.9,False,2021-01-28 08:58,15,18
Bangalore,Karnataka,1,3.83,False,2021-01-12 05:58,15,18
Mandya,Karnataka,2,5.86,True,2021-01-21 11:03,15,160
Bangalore,Karnataka,1,5.94,False,2021-01-04 10:17,15,18
Bangalore,Karnataka,2,6.28,False,2021-01-29 16:29,15,18
Bangalore,Karnataka,2,9.13,True,2021-01-30 05:41,15,18
Bangalore,Karnataka,1,2.05,False,2021-01-09 05:15,15,18
Bangalore,Karnataka,2,3.62,False,2021-01-28 07:32,15,18
Dakshina Kannada,Karnataka,2,9.35,True,2021-01-29 17:42,15,55
Bangalore,Karnataka,1,5.7,False,2021-01-02 15:45,15,18
Bangalore,Karnataka,2,18.47,True,2021-01-29 17:20,15,18
Bangalore,Karnataka,2,5.33,False,2021-01-13 15:24,15,18
Mysore,Karnataka,1,7.07,True,2021-01-29 22:44,15,174
Bangalore,Karnataka,1,2.14,True,2021-01-09 04:34,15,18
Bangalore,Karnataka,2,5.65,True,2021-01-21 11:20,15,18
Bangalore,Karnataka,2,5.43,True,2021-01-17 21:08,15,18
Bangalore,Karnataka,2,4.05,False,2021-01-16 03:36,15,18
Bangalore,Karnataka,1,4.5,True,2021-01-12 15:16,15,18
Belgaum,Karnataka,2,8.11,False,2021-01-30 04:24,15,27
Bangalore,Karnataka,2,5.35,True,2021-01-21 16:45,15,18
Bangalore,Karnataka,2,4.36,True,2021-01-27 17:15,15,18
Bangalore,Karnataka,2,4.66,False,2021-01-21 15:48,15,18
Bangalore,Karnataka,2,5.31,False,2021-01-27 17:16,15,18
Bangalore,Karnataka,2,4.27,False,2021-01-27 18:12,15,18
Dharwad,Karnataka,2,4.75,True,2021-01-17 14:34,15,64
Kolar,Karnataka,2,13.42,True,2021-01-08 19:20,15,139
Bangalore,Karnataka,1,2.06,False,2021-01-09 01:50,15,18
Bangalore,Karnataka,2,5.45,True,2021-01-21 12:41,15,18
Bangalore,Karnataka,2,4.83,False,2021-01-16 04:39,15,18
Bangalore,Karnataka,1,8.07,False,2021-01-02 05:06,15,18
Bangalore,Karnataka,2,4.49,True,2021-01-17 18:30,15,18
Bangalore,Karnataka,1,7.06,True,2021-01-04 10:38,15,18
Gulbarga,Karnataka,2,4.34,True,2021-01-12 17:13,15,92
Dharwad,Karnataka,2,4.27,False,2021-01-17 19:37,15,64
Bangalore,Karnataka,1,5.55,False,2021-01-21 11:55,15,18
Udupi,Karnataka,2,4.34,False,2021-01-17 14:01,15,262
Bangalore,Karnataka,2,2.89,True,2021-01-28 09:21,15,18
Bangalore,Karnataka,2,5.52,True,2021-01-18 11:53,15,18
Belgaum,Karnataka,2,3.85,False,2021-01-16 07:55,15,27
Dakshina Kannada,Karnataka,1,3.26,True,2021-01-04 06:57,15,55
Bangalore,Karnataka,2,3.88,False,2021-01-19 06:48,15,18
Bangalore,Karnataka,1,8.9,True,2021-01-10 05:43,15,18
Bangalore,Karnataka,2,3.47,True,2021-01-28 16:33,15,18
Bangalore,Karnataka,1,4.26,False,2021-01-04 06:12,15,18
Bangalore,Karnataka,1,4.76,False,2021-01-19 07:18,15,18
Bangalore,Karnataka,1,4.83,False,2021-01-13 10:08,15,18
Bangalore,Karnataka,1,5.7,True,2021-01-10 09:14,15,18
Bagalkot,Karnataka,2,7.01,True,2021-01-30 10:00,15,15
Bangalore,Karnataka,1,9.63,False,2021-01-10 12:29,15,18
Gulbarga,Karnataka,2,10.87,True,2021-01-17 04:07,15,92
Udupi,Karnataka,2,5.5,True,2021-01-16 16:49,15,262
Bangalore,Karnataka,2,4.54,True,2021-01-19 10:41,15,18
Bangalore,Karnataka,2,5.23,False,2021-01-16 16:50,15,18
Bangalore,Karnataka,2,5.29,False,2021-01-16 18:46,15,18
Bangalore,Karnataka,2,8.94,True,2021-01-30 09:40,15,18
Mandya,Karnataka,1,4.39,True,2021-01-10 18:30,15,160
Bangalore,Karnataka,1,5.29,True,2021-01-19 18:33,15,18
Chitradurga,Karnataka,2,7.61,True,2021-01-19 17:21,15,47
Bellary,Karnataka,2,4.95,True,2021-01-19 02:17,15,28
Bangalore,Karnataka,2,4.72,True,2021-01-20 10:56,15,18
Bangalore,Karnataka,2,4.14,True,2021-01-19 02:12,15,18
Gadag,Karnataka,1,4.69,False,2021-01-11 08:43,15,81
Bangalore Rural,Karnataka,2,8.83,True,2021-01-28 11:08,15,19
Chickmagalur,Karnataka,2,5.58,False,2021-01-18 10:57,15,44
Bangalore,Karnataka,1,6.85,False,2021-01-09 11:22,15,18
Bangalore,Karnataka,1,5.93,True,2021-01-13 02:58,15,18
Bangalore,Karnataka,2,3.96,True,2021-01-21 03:08,15,18
Bangalore,Karnataka,1,5.59,True,2021-01-09 14:09,15,18
Bangalore,Karnataka,1,5.89,False,2021-01-09 14:23,15,18
Bangalore,Karnataka,1,2.67,True,2021-01-09 14:56,15,18
Bangalore,Karnataka,2,4.58,False,2021-01-18 13:22,15,18
Kolar,Karnataka,2,3.81,False,2021-01-16 06:38,15,139
Dharwad,Karnataka,2,6.39,False,2021-01-09 16:44,15,64
Bangalore,Karnataka,2,4.4,False,2021-01-20 17:34,15,18
Bangalore,Karnataka,2,7.87,True,2021-01-28 12:16,15,18
Bangalore,Karnataka,2,5.11,False,2021-01-17 08:11,15,18
Bangalore,Karnataka,2,4.31,False,2021-01-20 15:59,15,18
Koppal,Karnataka,2,9.72,False,2021-01-11 13:37,15,143
Mysore,Karnataka,1,5.35,False,2021-01-03 01:29,15,174
Bangalore,Karnataka,2,7.51,False,2021-01-28 12:23,15,18
Bangalore,Karnataka,2,4.36,True,2021-01-18 19:20,15,18
Bangalore,Karnataka,2,4.55,True,2021-01-20 11:49,15,18
Chamrajnagar,Karnataka,1,6.63,False,2021-01-09 16:49,15,40
Dharwad,Karnataka,2,4.5,True,2021-01-21 14:20,15,64
Bangalore,Karnataka,1,5.5,False,2021-01-12 13:00,15,18
Bangalore,Karnataka,1,5.31,True,2021-01-06 04:25,15,18
Gulbarga,Karnataka,1,5.47,True,2021-01-05 14:13,15,92
Bangalore,Karnataka,1,5.9,True,2021-01-01 15:48,15,18
Bangalore,Karnataka,2,4.05,True,2021-01-06 05:46,15,18
Bangalore,Karnataka,2,7.72,True,2021-01-31 06:04,15,18
Bangalore,Karnataka,1,5.02,False,2021-01-07 01:33,15,18
Bangalore,Karnataka,2,4.82,True,2021-01-26 09:14,15,18
Bangalore,Karnataka,2,5.94,False,2021-01-15 05:36,15,18
Bangalore,Karnataka,2,5.93,False,2021-01-23 08:36,15,18
Bangalore,Karnataka,2,3.95,False,2021-01-07 02:42,15,18
Bangalore Rural,Karnataka,2,5.39,True,2021-01-13 19:07,15,19
Dakshina Kannada,Karnataka,2,5.72,True,2021-01-15 07:35,15,55
Bangalore,Karnataka,2,3.86,False,2021-01-27 04:49,15,18
Bangalore,Karnataka,2,3.87,False,2021-01-23 05:52,15,18
Bangalore,Karnataka,2,4.85,False,2021-01-07 08:33,15,18
Bangalore,Karnataka,2,14.08,True,2021-01-23 05:18,15,18
Bangalore,Karnataka,2,3.87,False,2021-01-31 04:41,15,18
Dharwad,Karnataka,2,5.94,True,2021-01-31 04:29,15,64
Bangalore,Karnataka,2,4.13,True,2021-01-23 01:54,15,18
Bangalore,Karnataka,1,6.44,True,2021-01-04 20:50,15,18
Dharwad,Karnataka,2,9.37,True,2021-01-22 21:22,15,64
Bangalore,Karnataka,1,5.25,False,2021-01-01 05:02,15,18
Bangalore,Karnataka,2,4.02,False,2021-01-27 07:03,15,18
Bangalore,Karnataka,2,4.81,False,2021-01-15 09:53,15,18
Bangalore,Karnataka,2,5.46,True,2021-01-23 14:46,15,18
Udupi,Karnataka,2,11.66,True,2021-01-25 19:06,15,262
Chikkaballapur,Karnataka,1,5.22,True,2021-01-06 06:36,15,45
Bangalore,Karnataka,2,5.62,False,2021-01-21 17:55,15,18
Bangalore,Karnataka,2,5.5,True,2021-01-14 14:35,15,18
Bangalore,Karnataka,2,4.91,False,2021-01-06 08:40,15,18
Bangalore,Karnataka,2,3.08,False,2021-01-25 00:55,15,18
Chikkaballapur,Karnataka,2,4.37,False,2021-01-14 15:23,15,45
Ramanagar,Karnataka,1,10.13,True,2021-01-01 08:00,15,210
Dharwad,Karnataka,2,13.3,False,2021-01-24 15:35,15,64
Bangalore,Karnataka,2,3.63,False,2021-01-25 07:03,15,18
Bengaluru,Karnataka,2,8.5,False,2021-01-14 17:11,15,29
Dakshina Kannada,Karnataka,2,6.85,True,2021-01-25 08:39,15,55
Chikmagalur,Karnataka,2,5.21,True,2021-01-14 17:24,15,46
Bangalore,Karnataka,2,3.68,False,2021-01-24 11:31,15,18
Dharwad,Karnataka,2,4.35,True,2021-01-14 18:07,15,64
Bangalore,Karnataka,1,4.75,False,2021-01-06 12:35,15,18
Bangalore,Karnataka,1,2.92,True,2021-01-01 06:41,15,18
Bangalore,Karnataka,2,5.51,True,2021-01-26 17:13,15,18
Bangalore,Karnataka,2,4.2,False,2021-01-14 18:21,15,18
Bangalore,Karnataka,2,4.12,True,2021-01-14 02:50,15,18
Bangalore,Karnataka,2,4.5,False,2021-01-26 10:26,15,18
Bangalore,Karnataka,2,5.82,True,2021-01-25 09:23,15,18
Bangalore,Karnataka,1,4.13,False,2021-01-05 07:45,15,18
Bangalore,Karnataka,1,6.22,True,2021-01-06 16:47,15,18
Bangalore,Karnataka,2,7.14,True,2021-01-26 19:56,15,18
Bangalore,Karnataka,2,5.35,False,2021-01-23 19:17,15,18
Kolar,Karnataka,2,5.12,True,2021-01-14 01:54,15,139
Gadag,Karnataka,2,4.61,False,2021-01-15 10:20,15,81
Bangalore,Karnataka,2,5.92,True,2021-01-25 03:53,15,18
Bangalore,Karnataka,2,9.56,True,2021-01-22 16:39,15,18
Bangalore,Karnataka,1,5.61,True,2021-01-30 18:19,15,18
Bangalore,Karnataka,2,4.81,True,2021-01-22 08:52,15,18
Bangalore,Karnataka,2,4.48,False,2021-01-13 15:41,15,18
Bangalore,Karnataka,1,20.24,False,2021-01-02 00:34,15,18
Mandya,Karnataka,2,4.82,False,2021-01-27 10:28,15,160
Dakshina Kannada,Karnataka,2,4.73,False,2021-01-22 05:53,15,55
Bangalore,Karnataka,2,7.27,True,2021-01-31 17:33,15,18
Kolar,Karnataka,2,5.11,True,2021-01-22 04:19,15,139
Bangalore,Karnataka,1,6.17,False,2021-01-02 04:48,15,18
Bangalore,Karnataka,2,4.48,True,2021-01-27 12:38,15,18
Bangalore,Karnataka,2,10.83,True,2021-01-26 05:27,15,18
Bangalore,Karnataka,2,4.7,False,2021-01-13 15:37,15,18
Bangalore,Karnataka,2,4.81,False,2021-01-26 05:51,15,18
Bangalore,Karnataka,2,5.27,True,2021-01-30 15:42,15,18
Bellary,Karnataka,2,5.32,False,2021-01-15 17:00,15,28
Bangalore,Karnataka,2,5.35,False,2021-01-30 19:09,15,18
Bangalore,Karnataka,2,4.53,False,2021-01-04 18:44,15,18
Bangalore,Karnataka,2,9.75,False,2021-01-27 08:43,15,18
Bangalore,Karnataka,6,4.6,False,2021-01-15 11:20,15,18
Kolar,Karnataka,2,4.43,True,2021-01-22 14:43,15,139
Ernakulam,Kerala,2,14.06,False,2021-01-26 03:55,16,76
Thiruvananthapuram,Kerala,2,9.2,True,2021-01-28 19:33,16,250
Ernakulam,Kerala,1,5.76,True,2021-01-13 07:14,16,76
Kozhikode,Kerala,2,5.84,False,2021-01-21 06:27,16,147
Wayanad,Kerala,2,5.57,True,2021-01-17 15:10,16,274
Kannur,Kerala,2,6.39,True,2021-01-23 15:41,16,125
Ernakulam,Kerala,2,7.3,True,2021-01-22 17:23,16,76
Thiruvananthapuram,Kerala,2,5.46,False,2021-01-29 14:25,16,250
Thiruvananthapuram,Kerala,2,5.71,False,2021-01-21 11:57,16,250
Ernakulam,Kerala,1,6.67,True,2021-01-06 13:52,16,76
Ernakulam,Kerala,2,6.2,False,2021-01-15 02:41,16,76
Ernakulam,Kerala,1,4.87,False,2021-01-08 05:51,16,76
Ernakulam,Kerala,2,4.91,False,2021-01-22 03:30,16,76
Palakkad,Kerala,1,6.6,False,2021-01-07 11:27,16,192
Kollam,Kerala,2,14.37,True,2021-01-26 01:18,16,142
Thiruvananthapuram,Kerala,1,5.4,True,2021-01-06 17:13,16,250
Thrissur,Kerala,1,7.21,True,2021-01-02 01:39,16,251
Kollam,Kerala,2,6.83,True,2021-01-21 06:08,16,142
Kottayam,Kerala,2,6.57,True,2021-01-17 13:19,16,146
Ernakulam,Kerala,2,5.77,True,2021-01-26 05:00,16,76
Thiruvananthapuram,Kerala,1,5.63,False,2021-01-10 11:36,16,250
Kottayam,Kerala,2,2.69,False,2021-01-28 05:47,16,146
Thiruvananthapuram,Kerala,1,12.52,True,2021-01-07 09:58,16,250
Malappuram,Kerala,1,8.84,True,2021-01-09 06:47,16,158
Ernakulam,Kerala,2,7.13,True,2021-01-26 08:10,16,76
Kozhikode,Kerala,2,5.59,False,2021-01-20 13:24,16,147
Kasargod,Kerala,2,8.73,False,2021-01-26 12:52,16,134
Palakkad,Kerala,2,8.53,False,2021-01-27 16:53,16,192
Ernakulam,Kerala,2,15.37,True,2021-01-21 04:17,16,76
Kozhikode,Kerala,2,5.99,False,2021-01-26 02:16,16,147
Wayanad,Kerala,2,6.84,False,2021-01-06 10:22,16,274
Ernakulam,Kerala,2,7.49,False,2021-01-16 12:02,16,76
Ernakulam,Kerala,1,3.27,True,2021-01-04 06:25,16,76
Ernakulam,Kerala,2,8.68,True,2021-01-22 09:44,16,76
Palakkad,Kerala,2,6.67,False,2021-01-12 10:51,16,192
Morena,Madhya Pradesh,1,4.02,True,2021-01-03 06:37,17,169
Gwalior,Madhya Pradesh,2,1.73,False,2021-01-25 05:40,17,97
Seoni,Madhya Pradesh,2,3.89,True,2021-01-29 09:03,17,228
Bhopal,Madhya Pradesh,2,3.8,False,2021-01-14 04:37,17,36
Rewa,Madhya Pradesh,2,6.6,True,2021-01-29 07:58,17,216
Indore,Madhya Pradesh,2,3.57,False,2021-01-15 17:47,17,104
Satna,Madhya Pradesh,2,2.66,False,2021-01-08 08:03,17,226
Ujjain,Madhya Pradesh,2,6.85,True,2021-01-29 06:35,17,263
Rewa,Madhya Pradesh,2,3.78,True,2021-01-24 05:23,17,216
Bhopal,Madhya Pradesh,2,2.68,True,2021-01-17 07:34,17,36
Rewa,Madhya Pradesh,2,4.43,False,2021-01-14 14:47,17,216
Sagar,Madhya Pradesh,2,4.34,True,2021-01-14 17:25,17,220
Indore,Madhya Pradesh,2,2.73,True,2021-01-19 12:09,17,104
Indore,Madhya Pradesh,2,7.73,False,2021-01-31 16:55,17,104
Indore,Madhya Pradesh,1,8.87,True,2021-01-03 13:08,17,104
Satna,Madhya Pradesh,2,8.8,True,2021-01-28 08:22,17,226
Ratlam,Madhya Pradesh,1,7.6,True,2021-01-02 13:15,17,214
Indore,Madhya Pradesh,1,3.91,True,2021-01-05 13:52,17,104
Ratlam,Madhya Pradesh,1,3.13,False,2021-01-08 02:57,17,214
Indore,Madhya Pradesh,2,4.64,False,2021-01-23 08:39,17,104
Sagar,Madhya Pradesh,2,4.49,True,2021-01-25 17:00,17,220
Satna,Madhya Pradesh,2,2.75,True,2021-01-22 04:17,17,226
Damoh,Madhya Pradesh,4,4.47,True,2021-01-16 14:18,17,56
Indore,Madhya Pradesh,1,5.09,True,2021-01-12 05:01,17,104
Bhopal,Madhya Pradesh,4,5.17,False,2021-01-09 07:09,17,36
Bhopal,Madhya Pradesh,2,6.29,True,2021-01-30 18:11,17,36
Damoh,Madhya Pradesh,1,8.66,True,2021-01-06 17:59,17,56
Gwalior,Madhya Pradesh,2,2.67,False,2021-01-18 08:04,17,97
Indore,Madhya Pradesh,2,5.51,False,2021-01-30 13:04,17,104
Datia,Madhya Pradesh,1,5.05,True,2021-01-02 11:00,17,59
Satna,Madhya Pradesh,1,3.8,True,2021-01-04 10:31,17,226
Pune,Maharashtra,2,4.66,False,2021-01-17 07:25,18,204
Mumbai,Maharashtra,2,5.72,True,2021-01-17 08:58,18,170
Yavatmal,Maharashtra,1,5.36,False,2021-01-12 17:27,18,281
Thane,Maharashtra,1,3.05,False,2021-01-13 03:17,18,249
Mumbai,Maharashtra,2,3.88,False,2021-01-17 12:10,18,170
Mumbai,Maharashtra,1,4.45,False,2021-01-12 18:37,18,170
Mumbai,Maharashtra,1,4.01,False,2021-01-14 08:10,18,170
Mumbai,Maharashtra,2,6.03,True,2021-01-30 05:37,18,170
Mumbai,Maharashtra,2,4.75,False,2021-01-14 10:23,18,170
Mumbai,Maharashtra,2,4.76,True,2021-01-17 11:57,18,170
Mumbai,Maharashtra,1,2.97,True,2021-01-01 06:06,18,170
Thane,Maharashtra,2,2.97,True,2021-01-14 05:40,18,249
Mumbai,Maharashtra,2,2.93,True,2021-01-14 06:07,18,170
Mumbai,Maharashtra,1,5.19,True,2021-01-12 20:32,18,170
Mumbai,Maharashtra,2,3.5,True,2021-01-31 16:20,18,170
Mumbai,Maharashtra,2,3.38,True,2021-01-12 18:46,18,170
Mumbai,Maharashtra,2,3.01,True,2021-01-14 05:17,18,170
Mumbai,Maharashtra,2,5.75,True,2021-01-30 06:23,18,170
Mumbai,Maharashtra,2,8.41,True,2021-01-31 17:31,18,170
Pune,Maharashtra,2,4.57,False,2021-01-17 10:24,18,204
Thane,Maharashtra,2,2.24,True,2021-01-31 17:33,18,249
Mumbai,Maharashtra,2,4.0,True,2021-01-17 09:01,18,170
Mumbai,Maharashtra,2,4.4,True,2021-01-14 13:44,18,170
Mumbai,Maharashtra,2,5.81,True,2021-01-16 03:19,18,170
Pune,Maharashtra,2,5.9,False,2021-01-30 06:50,18,204
Mumbai,Maharashtra,2,3.68,False,2021-01-15 07:03,18,170
Mumbai,Maharashtra,2,3.88,True,2021-01-15 07:10,18,170
Mumbai,Maharashtra,2,3.98,False,2021-01-15 07:19,18,170
Mumbai,Maharashtra,2,4.68,True,2021-01-13 12:12,18,170
Thane,Maharashtra,2,40.96,True,2021-01-15 07:45,18,249
Pune,Maharashtra,2,11.8,True,2021-01-30 12:48,18,204
Mumbai,Maharashtra,4,3.77,True,2021-01-15 09:17,18,170
Mumbai,Maharashtra,2,4.93,False,2021-01-31 03:52,18,170
Thane,Maharashtra,1,9.44,True,2021-01-01 17:41,18,249
Mumbai,Maharashtra,2,3.74,True,2021-01-15 10:04,18,170
Nagpur,Maharashtra,1,5.11,True,2021-01-02 07:34,18,176
Mumbai,Maharashtra,1,15.4,True,2021-01-01 19:32,18,170
Pune,Maharashtra,2,5.48,False,2021-01-13 15:08,18,204
Mumbai,Maharashtra,2,5.36,True,2021-01-30 18:42,18,170
Mumbai,Maharashtra,2,4.2,True,2021-01-16 05:33,18,170
Mumbai,Maharashtra,2,4.25,True,2021-01-13 16:06,18,170
Pune,Maharashtra,2,40.68,True,2021-01-15 14:11,18,204
Nashik,Maharashtra,2,3.99,True,2021-01-16 05:08,18,179
Mumbai,Maharashtra,2,3.91,False,2021-01-16 04:20,18,170
Aurangabad,Maharashtra,2,4.44,True,2021-01-30 14:25,18,13
Mumbai,Maharashtra,6,3.02,False,2021-01-16 04:08,18,170
Pune,Maharashtra,2,4.47,True,2021-01-15 17:42,18,204
Mumbai,Maharashtra,4,3.01,True,2021-01-16 03:50,18,170
Mumbai,Maharashtra,2,3.36,True,2021-01-15 19:50,18,170
Mumbai,Maharashtra,2,3.12,False,2021-01-16 02:33,18,170
Mumbai,Maharashtra,1,5.91,False,2021-01-02 10:19,18,170
Thane,Maharashtra,2,4.42,False,2021-01-31 14:48,18,249
Jalgaon,Maharashtra,2,5.87,True,2021-01-30 10:46,18,108
Mumbai,Maharashtra,2,3.4,False,2021-01-13 19:31,18,170
Thane,Maharashtra,2,4.72,False,2021-01-17 06:21,18,249
Mumbai,Maharashtra,2,4.62,True,2021-01-14 15:21,18,170
Pune,Maharashtra,1,3.83,True,2021-01-13 03:42,18,204
Pune,Maharashtra,2,4.8,False,2021-01-14 04:59,18,204
Thane,Maharashtra,2,3.02,False,2021-01-14 04:50,18,249
Sangli,Maharashtra,2,6.74,True,2021-01-31 14:40,18,224
Sangli,Maharashtra,2,3.81,True,2021-01-14 04:20,18,224
Mumbai,Maharashtra,1,7.46,False,2021-01-31 13:25,18,170
Mira Bhayandar,Maharashtra,2,3.51,True,2021-01-14 17:07,18,165
Thane,Maharashtra,1,5.92,True,2021-01-01 11:46,18,249
Mumbai,Maharashtra,2,4.41,False,2021-01-17 04:06,18,170
Karad,Maharashtra,2,4.34,True,2021-01-14 18:16,18,130
Mumbai,Maharashtra,1,5.77,False,2021-01-02 11:30,18,170
Mumbai,Maharashtra,2,3.47,True,2021-01-14 18:19,18,170
Mumbai,Maharashtra,2,5.62,False,2021-01-30 09:17,18,170
Mumbai,Maharashtra,1,2.92,False,2021-01-13 06:21,18,170
Nagpur,Maharashtra,2,3.19,False,2021-01-14 21:19,18,176
Mumbai,Maharashtra,2,4.53,False,2021-01-16 17:40,18,170
Mumbai,Maharashtra,2,6.48,False,2021-01-16 16:51,18,170
Kolhapur,Maharashtra,1,4.65,False,2021-01-01 14:14,18,140
Mumbai,Maharashtra,1,6.57,True,2021-01-01 14:30,18,170
Mumbai,Maharashtra,2,3.42,False,2021-01-13 20:12,18,170
Thane,Maharashtra,2,4.48,False,2021-01-16 16:39,18,249
Mumbai,Maharashtra,2,4.65,False,2021-01-16 15:03,18,170
Mumbai,Maharashtra,2,8.78,True,2021-01-31 06:14,18,170
Thane,Maharashtra,2,9.54,True,2021-01-30 10:06,18,249
Mumbai,Maharashtra,1,5.71,False,2021-01-05 18:42,18,170
Ratnagiri,Maharashtra,2,5.23,True,2021-01-28 20:04,18,215
Mumbai,Maharashtra,2,3.5,True,2021-01-17 15:19,18,170
Thane,Maharashtra,2,4.04,False,2021-01-23 06:26,18,249
Thane,Maharashtra,1,2.93,False,2021-01-07 06:58,18,249
Mumbai,Maharashtra,2,6.99,True,2021-01-07 05:22,18,170
Thane,Maharashtra,2,3.8,False,2021-01-23 07:17,18,249
Mumbai,Maharashtra,2,3.19,False,2021-01-27 04:13,18,170
Mumbai,Maharashtra,1,6.27,True,2021-01-05 04:52,18,170
Thane,Maharashtra,2,4.88,True,2021-01-23 07:46,18,249
Mumbai,Maharashtra,2,4.87,True,2021-01-23 08:34,18,170
Mumbai,Maharashtra,2,3.91,True,2021-01-23 05:40,18,170
Raigarh(MH),Maharashtra,1,6.95,True,2021-01-05 06:01,18,207
Thane,Maharashtra,2,4.73,True,2021-01-23 11:18,18,249
Mumbai,Maharashtra,2,4.56,False,2021-01-23 11:30,18,170
Mumbai,Maharashtra,2,4.85,False,2021-01-23 14:41,18,170
Chandrapur,Maharashtra,6,3.01,False,2021-01-27 03:29,18,42
Thane,Maharashtra,1,8.28,True,2021-01-06 21:51,18,249
Mumbai,Maharashtra,1,6.18,False,2021-01-05 06:58,18,170
Thane,Maharashtra,1,3.31,True,2021-01-06 20:41,18,249
Pune,Maharashtra,2,3.95,True,2021-01-27 01:11,18,204
Thane,Maharashtra,2,4.81,True,2021-01-23 09:30,18,249
Mumbai,Maharashtra,2,3.31,True,2021-01-05 03:26,18,170
Mumbai,Maharashtra,1,4.64,False,2021-01-07 09:57,18,170
Latur,Maharashtra,2,3.76,False,2021-01-27 05:08,18,151
Mumbai,Maharashtra,1,3.54,False,2021-01-04 18:24,18,170
Pune,Maharashtra,2,3.73,True,2021-01-22 04:28,18,204
Pune,Maharashtra,1,3.54,False,2021-01-04 18:30,18,204
Mumbai,Maharashtra,2,3.95,False,2021-01-22 05:47,18,170
Gadchiroli,Maharashtra,1,2.95,False,2021-01-08 04:02,18,82
Thane,Maharashtra,1,3.51,False,2021-01-04 19:12,18,249
Thane,Maharashtra,2,3.59,True,2021-01-27 09:28,18,249
Mumbai,Maharashtra,2,4.5,True,2021-01-22 12:13,18,170
Raigarh(MH),Maharashtra,2,3.85,False,2021-01-27 08:46,18,207
Thane,Maharashtra,2,8.66,True,2021-01-22 13:55,18,249
Mumbai,Maharashtra,2,9.7,False,2021-01-22 14:46,18,170
Pune,Maharashtra,1,3.34,False,2021-01-07 15:22,18,204
Ratnagiri,Maharashtra,1,3.92,False,2021-01-14 08:10,18,215
Nagpur,Maharashtra,1,3.49,True,2021-01-07 12:53,18,176
Ahmed Nagar,Maharashtra,2,5.9,True,2021-01-27 08:11,18,3
Thane,Maharashtra,1,4.62,True,2021-01-04 20:31,18,249
Thane,Maharashtra,2,16.45,False,2021-01-22 18:25,18,249
Mumbai,Maharashtra,1,4.04,True,2021-01-27 06:23,18,170
Mumbai,Maharashtra,2,4.57,False,2021-01-04 21:05,18,170
Solapur,Maharashtra,2,5.44,True,2021-01-23 16:55,18,234
Mumbai,Maharashtra,1,3.0,False,2021-01-08 06:09,18,170
Mumbai,Maharashtra,2,5.43,True,2021-01-23 18:02,18,170
Mumbai,Maharashtra,2,4.75,False,2021-01-23 19:11,18,170
Mumbai,Maharashtra,2,3.75,True,2021-01-26 11:12,18,170
Mumbai,Maharashtra,2,3.08,False,2021-01-25 06:33,18,170
Pune,Maharashtra,2,4.53,True,2021-01-26 10:42,18,204
Pune,Maharashtra,1,3.92,False,2021-01-06 08:22,18,204
Wardha,Maharashtra,4,2.79,False,2021-01-06 07:54,18,273
Pune,Maharashtra,2,5.6,True,2021-01-25 09:01,18,204
Mumbai,Maharashtra,2,4.9,False,2021-01-25 09:43,18,170
Mumbai,Maharashtra,1,5.9,True,2021-01-05 14:02,18,170
Pune,Maharashtra,2,4.9,False,2021-01-06 08:59,18,204
Mumbai,Maharashtra,2,4.85,True,2021-01-25 10:56,18,170
Mumbai,Maharashtra,2,4.56,True,2021-01-25 17:44,18,170
Mumbai,Maharashtra,2,4.57,True,2021-01-25 17:51,18,170
Mumbai,Maharashtra,2,4.46,True,2021-01-25 18:01,18,170
Nagpur,Maharashtra,2,3.99,False,2021-01-26 01:52,18,176
Mumbai,Maharashtra,2,4.6,False,2021-01-26 08:15,18,170
Pune,Maharashtra,2,4.06,False,2021-01-26 03:44,18,204
Parbhani,Maharashtra,1,4.95,True,2021-01-06 03:21,18,197
Mumbai,Maharashtra,4,4.01,False,2021-01-26 07:08,18,170
Nashik,Maharashtra,2,5.85,False,2021-01-25 11:36,18,179
Nagpur,Maharashtra,1,5.67,True,2021-01-06 09:26,18,176
Mumbai,Maharashtra,1,5.91,False,2021-01-05 13:40,18,170
Pune,Maharashtra,2,3.86,True,2021-01-06 09:56,18,204
Mumbai,Maharashtra,2,6.52,True,2021-01-26 18:17,18,170
Thane,Maharashtra,1,3.7,False,2021-01-06 16:32,18,249
Mumbai,Maharashtra,2,4.26,True,2021-01-26 17:36,18,170
Jalgaon,Maharashtra,1,4.5,True,2021-01-06 14:55,18,108
Thane,Maharashtra,2,4.71,True,2021-01-26 16:42,18,249
Solapur,Maharashtra,2,4.88,True,2021-01-24 09:02,18,234
Mumbai,Maharashtra,2,3.99,True,2021-01-24 09:27,18,170
Thane,Maharashtra,2,5.0,True,2021-01-24 09:36,18,249
Mumbai,Maharashtra,1,4.82,False,2021-01-06 10:47,18,170
Thane,Maharashtra,2,6.73,True,2021-01-24 12:14,18,249
Thane,Maharashtra,2,5.85,True,2021-01-24 12:24,18,249
Pune,Maharashtra,2,6.51,True,2021-01-24 13:37,18,204
Pune,Maharashtra,2,4.55,True,2021-01-26 15:27,18,204
Mumbai,Maharashtra,2,4.63,False,2021-01-06 10:25,18,170
Thane,Maharashtra,2,6.34,True,2021-01-24 16:40,18,249
Mumbai,Maharashtra,2,4.49,True,2021-01-26 15:23,18,170
Mumbai,Maharashtra,2,5.52,True,2021-01-24 17:54,18,170
Raigarh(MH),Maharashtra,2,3.49,True,2021-01-24 18:25,18,207
Mumbai,Maharashtra,2,11.1,True,2021-01-24 22:10,18,170
Mumbai,Maharashtra,2,5.36,True,2021-01-26 21:03,18,170
Pune,Maharashtra,1,4.38,False,2021-01-12 15:09,18,204
Satara,Maharashtra,12,5.02,False,2021-01-22 01:39,18,225
Pune,Maharashtra,2,4.62,False,2021-01-27 13:15,18,204
Thane,Maharashtra,2,6.74,False,2021-01-29 12:02,18,249
Pune,Maharashtra,2,3.53,True,2021-01-11 09:20,18,204
Mumbai,Maharashtra,2,4.47,True,2021-01-18 19:29,18,170
Thane,Maharashtra,1,4.28,True,2021-01-03 04:30,18,249
Pune,Maharashtra,1,5.11,False,2021-01-03 06:05,18,204
Thane,Maharashtra,1,2.91,False,2021-01-11 07:31,18,249
Mumbai,Maharashtra,2,3.87,False,2021-01-19 07:50,18,170
Nagpur,Maharashtra,1,5.02,True,2021-01-11 05:03,18,176
Mumbai,Maharashtra,1,3.87,False,2021-01-11 12:31,18,170
Pune,Maharashtra,2,4.62,False,2021-01-19 09:24,18,204
Mumbai,Maharashtra,1,3.14,False,2021-01-11 01:42,18,170
Mumbai,Maharashtra,2,3.37,True,2021-01-10 23:47,18,170
Mumbai,Maharashtra,2,6.83,False,2021-01-29 06:26,18,170
Mumbai,Maharashtra,2,4.41,True,2021-01-19 12:38,18,170
Mumbai,Maharashtra,2,12.15,True,2021-01-29 03:58,18,170
Nashik,Maharashtra,1,4.29,False,2021-01-10 17:55,18,179
Aurangabad,Maharashtra,1,5.49,True,2021-01-10 17:20,18,13
Mumbai,Maharashtra,1,3.2,False,2021-01-04 04:56,18,170
Mumbai,Maharashtra,1,3.84,True,2021-01-11 02:14,18,170
Solapur,Maharashtra,1,4.44,True,2021-01-11 12:51,18,234
Pune,Maharashtra,2,5.54,False,2021-01-18 14:04,18,204
Nagpur,Maharashtra,1,4.55,True,2021-01-11 14:34,18,176
Pune,Maharashtra,2,4.56,False,2021-01-17 16:43,18,204
Mumbai,Maharashtra,1,4.9,True,2021-01-02 13:41,18,170
Mumbai,Maharashtra,2,2.12,False,2021-01-30 04:03,18,170
Pune,Maharashtra,1,4.96,False,2021-01-12 09:18,18,204
Pune,Maharashtra,1,5.64,True,2021-01-12 08:57,18,204
Thane,Maharashtra,2,6.51,True,2021-01-29 19:07,18,249
Thane,Maharashtra,2,3.18,False,2021-01-18 04:46,18,249
Nagpur,Maharashtra,2,5.1,True,2021-01-18 05:05,18,176
Thane,Maharashtra,1,3.35,True,2021-01-11 21:13,18,249
Mumbai,Maharashtra,2,8.75,True,2021-01-18 05:17,18,170
Pune,Maharashtra,4,3.24,True,2021-01-29 18:48,18,204
Pune,Maharashtra,2,3.71,False,2021-01-18 06:21,18,204
Thane,Maharashtra,2,2.9,True,2021-01-18 07:32,18,249
Thane,Maharashtra,2,4.6,True,2021-01-18 09:02,18,249
Raigarh(MH),Maharashtra,2,2.71,False,2021-01-29 14:31,18,207
Thane,Maharashtra,2,6.59,True,2021-01-29 14:30,18,249
Thane,Maharashtra,2,4.51,False,2021-01-18 10:02,18,249
Nagpur,Maharashtra,1,7.51,True,2021-01-02 19:46,18,176
Pune,Maharashtra,2,6.53,False,2021-01-18 13:15,18,204
Mumbai,Maharashtra,1,3.26,False,2021-01-04 04:56,18,170
Thane,Maharashtra,4,3.55,False,2021-01-27 12:40,18,249
Mumbai,Maharashtra,2,3.12,True,2021-01-28 21:51,18,170
Mumbai,Maharashtra,1,4.51,False,2021-01-10 12:46,18,170
Mumbai,Maharashtra,1,2.1,True,2021-01-04 05:32,18,170
Mumbai,Maharashtra,2,3.01,True,2021-01-28 07:35,18,170
Mumbai,Maharashtra,2,5.74,False,2021-01-21 09:45,18,170
Thane,Maharashtra,2,5.58,True,2021-01-21 11:50,18,249
Pune,Maharashtra,2,4.02,True,2021-01-28 04:52,18,204
Mumbai,Maharashtra,2,5.28,True,2021-01-27 19:32,18,170
Mumbai,Maharashtra,1,9.74,True,2021-01-04 13:19,18,170
Pune,Maharashtra,2,8.34,True,2021-01-27 18:00,18,204
Mumbai,Maharashtra,1,2.56,True,2021-01-08 15:11,18,170
Thane,Maharashtra,2,2.6,False,2021-01-08 13:06,18,249
Mumbai,Maharashtra,1,4.62,True,2021-01-04 16:32,18,170
Dhule,Maharashtra,1,4.57,False,2021-01-04 17:45,18,65
Raigarh(MH),Maharashtra,2,8.66,True,2021-01-27 16:02,18,207
Mumbai,Maharashtra,2,3.31,True,2021-01-27 15:37,18,170
Thane,Maharashtra,1,5.73,False,2021-01-04 17:50,18,249
Mumbai,Maharashtra,2,6.92,True,2021-01-08 09:57,18,170
Mumbai,Maharashtra,2,4.2,False,2021-01-21 18:16,18,170
Mumbai,Maharashtra,2,5.66,True,2021-01-21 08:07,18,170
Nashik,Maharashtra,1,3.99,True,2021-01-04 09:40,18,179
Thane,Maharashtra,2,4.77,True,2021-01-21 08:09,18,249
Raigarh(MH),Maharashtra,2,3.56,True,2021-01-28 10:05,18,207
Mumbai,Maharashtra,1,5.71,False,2021-01-05 18:37,18,170
Mumbai,Maharashtra,1,4.05,False,2021-01-04 05:52,18,170
Thane,Maharashtra,1,6.81,True,2021-01-10 09:21,18,249
Mumbai,Maharashtra,2,7.25,False,2021-01-28 18:18,18,170
Thane,Maharashtra,2,4.88,True,2021-01-20 07:20,18,249
Mumbai,Maharashtra,2,3.11,False,2021-01-20 07:45,18,170
Thane,Maharashtra,4,3.11,False,2021-01-20 07:49,18,249
Thane,Maharashtra,2,3.69,True,2021-01-28 18:14,18,249
Thane,Maharashtra,2,4.85,True,2021-01-09 10:36,18,249
Mumbai,Maharashtra,2,3.69,True,2021-01-20 09:30,18,170
Mumbai,Maharashtra,2,3.75,False,2021-01-14 07:02,18,170
Mumbai,Maharashtra,1,5.02,True,2021-01-10 02:27,18,170
Pune,Maharashtra,2,3.52,False,2021-01-20 12:27,18,204
Thane,Maharashtra,1,4.02,False,2021-01-04 07:34,18,249
Ahmed Nagar,Maharashtra,2,6.48,True,2021-01-20 14:49,18,3
Pune,Maharashtra,2,3.21,False,2021-01-20 18:27,18,204
Nagpur,Maharashtra,2,3.06,True,2021-01-21 03:45,18,176
Nashik,Maharashtra,4,3.81,False,2021-01-21 04:25,18,179
Mumbai,Maharashtra,1,4.77,True,2021-01-09 11:20,18,170
Pune,Maharashtra,1,7.82,True,2021-01-04 07:16,18,204
Imphal West,Manipur,1,12.13,True,2021-01-07 23:54,19,103
Imphal West,Manipur,1,14.03,True,2021-01-09 03:57,19,103
Imphal West,Manipur,2,11.14,True,2021-01-17 21:22,19,103
Imphal West,Manipur,2,17.08,True,2021-01-18 05:30,19,103
East Khasi Hills,Meghalaya,2,12.33,False,2021-01-08 05:01,20,72
East Khasi Hills,Meghalaya,1,7.16,False,2021-01-01 03:15,20,72
East Khasi Hills,Meghalaya,2,6.63,True,2021-01-26 12:38,20,72
East Khasi Hills,Meghalaya,2,8.13,True,2021-01-25 03:11,20,72
East Khasi Hills,Meghalaya,2,9.04,False,2021-01-30 03:03,20,72
East Khasi Hills,Meghalaya,2,8.23,True,2021-01-18 19:51,20,72
Aizawl,Mizoram,1,7.88,False,2021-01-12 04:19,21,5
Aizawl,Mizoram,2,8.81,True,2021-01-23 07:28,21,5
Aizawl,Mizoram,2,7.95,True,2021-01-14 04:32,21,5
Aizawl,Mizoram,2,8.59,True,2021-01-13 13:28,21,5
Aizawl,Mizoram,2,11.88,True,2021-01-28 05:42,21,5
Dimapur,Nagaland,2,12.51,True,2021-01-20 15:32,22,67
Kohima,Nagaland,2,39.2,True,2021-01-17 01:53,22,138
Dimapur,Nagaland,2,19.72,True,2021-01-29 15:53,22,67
Dimapur,Nagaland,2,5.14,True,2021-01-27 01:03,22,67
Dimapur,Nagaland,2,5.33,True,2021-01-13 18:31,22,67
Dimapur,Nagaland,1,8.96,True,2021-01-03 07:56,22,67
Dimapur,Nagaland,2,7.51,True,2021-01-19 15:56,22,67
Dimapur,Nagaland,2,6.73,True,2021-01-26 10:22,22,67
Dimapur,Nagaland,1,6.75,True,2021-01-11 11:17,22,67
Dimapur,Nagaland,2,8.37,True,2021-01-31 15:45,22,67
Dimapur,Nagaland,2,5.91,False,2021-01-31 03:32,22,67
Mokokchung,Nagaland,2,41.16,True,2021-01-15 02:44,22,167
Dimapur,Nagaland,2,10.16,True,2021-01-31 03:49,22,67
Bargarh,Odisha,2,23.25,True,2021-01-31 05:58,23,24
Balangir,Odisha,2,5.21,False,2021-01-30 19:25,23,16
Khorda,Odisha,2,6.55,True,2021-01-18 16:02,23,137
Khorda,Odisha,2,4.84,False,2021-01-26 07:55,23,137
Jharsuguda,Odisha,2,4.94,False,2021-01-26 02:05,23,116
Khorda,Odisha,2,4.65,True,2021-01-24 08:57,23,137
Cuttack,Odisha,1,3.8,False,2021-01-08 05:55,23,54
Jagatsinghapur,Odisha,2,7.74,True,2021-01-08 15:01,23,105
Ganjam,Odisha,2,3.69,False,2021-01-21 06:39,23,85
Koraput,Odisha,1,7.04,True,2021-01-12 03:06,23,144
Angul,Odisha,1,6.7,False,2021-01-09 14:44,23,12
Khorda,Odisha,2,5.5,True,2021-01-09 16:29,23,137
Ganjam,Odisha,2,4.67,True,2021-01-20 09:26,23,85
Khorda,Odisha,2,4.13,False,2021-01-11 02:57,23,137
Cuttack,Odisha,2,4.4,False,2021-01-18 15:43,23,54
Ganjam,Odisha,2,4.9,True,2021-01-27 03:30,23,85
Mayurbhanj,Odisha,2,5.62,True,2021-01-16 10:22,23,162
Nayagarh,Odisha,2,13.45,True,2021-01-31 17:45,23,181
Khorda,Odisha,1,3.74,False,2021-01-04 10:13,23,137
Sambalpur,Odisha,1,7.12,False,2021-01-04 08:17,23,223
Sundergarh,Odisha,1,5.06,False,2021-01-04 06:03,23,245
Sundergarh,Odisha,1,7.77,True,2021-01-02 15:59,23,245
Pondicherry,Pondicherry,2,5.66,False,2021-01-19 10:01,24,202
Pondicherry,Pondicherry,4,7.2,True,2021-01-20 20:08,24,202
Jalandhar,Punjab,1,2.31,False,2021-01-06 17:19,25,107
Jalandhar,Punjab,2,2.29,False,2021-01-06 18:27,25,107
Amritsar,Punjab,2,3.57,True,2021-01-23 15:59,25,9
Ludhiana,Punjab,1,4.8,True,2021-01-01 16:32,25,156
Patiala,Punjab,2,1.83,True,2021-01-23 06:40,25,199
Ludhiana,Punjab,2,3.0,True,2021-01-14 07:11,25,156
Ludhiana,Punjab,2,1.72,True,2021-01-22 06:36,25,156
Firozpur,Punjab,1,4.86,True,2021-01-02 08:44,25,80
Patiala,Punjab,1,3.05,True,2021-01-10 04:37,25,199
Rupnagar,Punjab,2,2.54,True,2021-01-20 14:21,25,219
Bathinda,Punjab,2,2.58,True,2021-01-21 10:15,25,26
Jalandhar,Punjab,2,3.19,True,2021-01-14 02:24,25,107
Mohali,Punjab,2,3.49,False,2021-01-09 16:27,25,166
Hoshiarpur,Punjab,2,1.94,True,2021-01-21 03:28,25,100
Jalandhar,Punjab,2,7.74,True,2021-01-27 08:38,25,107
Patiala,Punjab,2,4.75,False,2021-01-31 06:34,25,199
Jalandhar,Punjab,1,7.04,False,2021-01-04 09:09,25,107
Ludhiana,Punjab,2,4.68,True,2021-01-30 09:44,25,156
Kapurthala,Punjab,1,22.03,True,2021-01-05 13:09,25,129
Ludhiana,Punjab,2,2.8,True,2021-01-16 05:57,25,156
Ludhiana,Punjab,2,2.79,True,2021-01-26 11:29,25,156
Amritsar,Punjab,2,11.8,True,2021-01-27 12:02,25,9
Jalandhar,Punjab,2,2.69,False,2021-01-17 08:21,25,107
Jalandhar,Punjab,2,3.51,True,2021-01-26 16:55,25,107
Jalandhar,Punjab,2,8.37,True,2021-01-26 15:29,25,107
Amritsar,Punjab,2,4.54,True,2021-01-27 12:05,25,9
Patiala,Punjab,1,2.58,False,2021-01-04 15:15,25,199
Amritsar,Punjab,2,3.42,False,2021-01-25 13:25,25,9
Fatehgarh Sahib,Punjab,1,3.21,False,2021-01-06 06:41,25,79
Ludhiana,Punjab,1,4.23,False,2021-01-02 08:16,25,156
Fatehgarh Sahib,Punjab,2,2.67,False,2021-01-06 07:17,25,79
Ludhiana,Punjab,3,2.47,True,2021-01-11 13:40,25,156
Jalandhar,Punjab,2,4.37,True,2021-01-18 21:26,25,107
Gurdaspur,Punjab,1,4.93,True,2021-01-13 08:15,25,94
Bhilwara,Rajasthan,1,3.73,True,2021-01-03 12:31,26,33
Ganganagar,Rajasthan,1,3.07,True,2021-01-01 07:35,26,84
Jaipur,Rajasthan,2,1.82,False,2021-01-19 05:29,26,106
Jodhpur,Rajasthan,1,5.67,False,2021-01-01 10:51,26,117
Pali,Rajasthan,2,7.59,False,2021-01-29 12:14,26,193
Jaipur,Rajasthan,1,3.23,False,2021-01-05 05:56,26,106
Sawai Madhopur,Rajasthan,1,3.47,True,2021-01-09 12:32,26,227
Bhilwara,Rajasthan,1,7.04,True,2021-01-05 03:39,26,33
Jaipur,Rajasthan,1,2.2,True,2021-01-04 18:39,26,106
Jaipur,Rajasthan,1,5.17,True,2021-01-05 07:29,26,106
Jaipur,Rajasthan,2,4.98,True,2021-01-26 02:45,26,106
Chittorgarh,Rajasthan,2,2.08,False,2021-01-25 05:38,26,49
Kota,Rajasthan,2,4.41,False,2021-01-24 02:51,26,145
Bikaner,Rajasthan,2,5.84,False,2021-01-29 06:52,26,37
Jodhpur,Rajasthan,2,7.56,True,2021-01-30 17:38,26,117
Bhilwara,Rajasthan,2,8.67,True,2021-01-21 17:12,26,33
Tonk,Rajasthan,1,4.81,True,2021-01-08 14:34,26,257
Kota,Rajasthan,2,5.51,True,2021-01-21 13:01,26,145
Jaipur,Rajasthan,2,1.68,False,2021-01-21 08:25,26,106
Chittorgarh,Rajasthan,1,2.98,False,2021-01-04 07:09,26,49
Jaipur,Rajasthan,2,1.76,True,2021-01-21 04:25,26,106
Jodhpur,Rajasthan,2,6.57,True,2021-01-08 10:28,26,117
Barmer,Rajasthan,2,6.28,True,2021-01-29 19:23,26,25
Udaipur,Rajasthan,2,4.97,True,2021-01-14 08:48,26,259
Ganganagar,Rajasthan,2,2.16,True,2021-01-15 05:22,26,84
Jodhpur,Rajasthan,2,40.55,True,2021-01-16 18:04,26,117
Jodhpur,Rajasthan,2,3.5,True,2021-01-18 11:33,26,117
Jaipur,Rajasthan,2,2.74,False,2021-01-17 13:22,26,106
Jaipur,Rajasthan,1,1.74,False,2021-01-13 07:08,26,106
Jaipur,Rajasthan,2,2.79,True,2021-01-14 15:48,26,106
Jaipur,Rajasthan,2,4.69,True,2021-01-17 06:02,26,106
East Sikkim,Sikkim,1,5.88,True,2021-01-27 11:03,27,75
East Sikkim,Sikkim,1,6.61,True,2021-01-01 17:10,27,75
Kanchipuram,Tamil Nadu,2,4.85,True,2021-01-27 05:59,28,123
Chennai,Tamil Nadu,2,5.51,False,2021-01-21 18:00,28,43
Chennai,Tamil Nadu,2,3.76,True,2021-01-27 05:43,28,43
Chennai,Tamil Nadu,2,4.99,True,2021-01-22 01:53,28,43
Kanchipuram,Tamil Nadu,2,6.37,True,2021-01-05 02:34,28,123
Ramanathapuram,Tamil Nadu,2,5.59,True,2021-01-27 14:32,28,211
Tuticorin,Tamil Nadu,2,4.77,False,2021-01-27 04:49,28,258
Ramanathapuram,Tamil Nadu,2,5.43,True,2021-01-13 13:53,28,211
Salem,Tamil Nadu,2,5.43,True,2021-01-21 16:50,28,222
Kanchipuram,Tamil Nadu,2,41.0,True,2021-01-16 06:33,28,123
Coimbatore,Tamil Nadu,2,7.62,True,2021-01-28 16:37,28,50
Chennai,Tamil Nadu,1,1.83,False,2021-01-08 13:46,28,43
Kanchipuram,Tamil Nadu,2,6.89,True,2021-01-22 04:20,28,123
Chennai,Tamil Nadu,2,4.46,True,2021-01-15 14:18,28,43
Villupuram,Tamil Nadu,2,5.56,True,2021-01-21 13:46,28,269
Chennai,Tamil Nadu,2,3.56,True,2021-01-08 16:14,28,43
Coimbatore,Tamil Nadu,2,4.5,True,2021-01-15 12:23,28,50
Salem,Tamil Nadu,2,4.8,False,2021-01-21 12:28,28,222
Chennai,Tamil Nadu,2,5.55,True,2021-01-21 11:23,28,43
Tiruvallur,Tamil Nadu,2,8.48,False,2021-01-28 17:37,28,256
Cuddalore,Tamil Nadu,2,5.29,True,2021-01-28 22:38,28,52
Tuticorin,Tamil Nadu,1,9.99,True,2021-01-09 06:41,28,258
Chennai,Tamil Nadu,1,3.66,False,2021-01-21 07:17,28,43
Tiruchirappalli,Tamil Nadu,2,3.96,True,2021-01-29 03:48,28,254
Kanchipuram,Tamil Nadu,2,4.08,False,2021-01-18 03:45,28,123
Chennai,Tamil Nadu,1,2.62,False,2021-01-08 13:27,28,43
Kanchipuram,Tamil Nadu,2,4.5,False,2021-01-17 14:38,28,123
Kanchipuram,Tamil Nadu,2,3.8,False,2021-01-08 04:14,28,123
Tiruvallur,Tamil Nadu,2,6.89,True,2021-01-22 07:27,28,256
Kanchipuram,Tamil Nadu,2,4.9,True,2021-01-24 06:45,28,123
Kanchipuram,Tamil Nadu,2,4.89,True,2021-01-24 07:31,28,123
Tiruvallur,Tamil Nadu,2,5.36,True,2021-01-23 16:21,28,256
Tiruvallur,Tamil Nadu,2,5.39,True,2021-01-06 13:00,28,256
Chennai,Tamil Nadu,2,4.04,False,2021-01-24 22:24,28,43
Vellore,Tamil Nadu,2,4.85,False,2021-01-17 08:10,28,267
Kanchipuram,Tamil Nadu,2,5.64,True,2021-01-25 08:56,28,123
Chennai,Tamil Nadu,1,4.69,False,2021-01-06 06:40,28,43
Krishnagiri,Tamil Nadu,2,5.53,True,2021-01-17 12:32,28,149
Salem,Tamil Nadu,2,6.29,True,2021-01-16 18:06,28,222
Tiruvallur,Tamil Nadu,2,6.48,False,2021-01-25 15:28,28,256
Kanchipuram,Tamil Nadu,2,7.52,False,2021-01-25 17:02,28,123
Tiruchirappalli,Tamil Nadu,2,3.94,True,2021-01-27 03:48,28,254
Coimbatore,Tamil Nadu,2,6.46,False,2021-01-16 17:41,28,50
Chennai,Tamil Nadu,2,5.34,True,2021-01-22 16:59,28,43
Chennai,Tamil Nadu,1,4.68,True,2021-01-13 07:00,28,43
Tirunelveli,Tamil Nadu,2,6.62,True,2021-01-22 16:37,28,255
Kanchipuram,Tamil Nadu,2,5.68,False,2021-01-22 12:16,28,123
Chennai,Tamil Nadu,2,6.8,True,2021-01-05 12:02,28,43
Tuticorin,Tamil Nadu,1,10.34,True,2021-01-07 18:44,28,258
Tiruvallur,Tamil Nadu,2,6.39,False,2021-01-16 13:45,28,256
Tuticorin,Tamil Nadu,2,11.78,True,2021-01-16 12:05,28,258
Vellore,Tamil Nadu,1,3.13,False,2021-01-05 08:27,28,267
Kanchipuram,Tamil Nadu,2,4.71,False,2021-01-22 07:55,28,123
Krishnagiri,Tamil Nadu,2,3.88,False,2021-01-29 06:12,28,149
Kanchipuram,Tamil Nadu,2,4.88,True,2021-01-27 02:12,28,123
Chennai,Tamil Nadu,2,4.87,False,2021-01-26 09:43,28,43
Kanchipuram,Tamil Nadu,2,5.94,False,2021-01-09 09:22,28,123
Tiruvallur,Tamil Nadu,2,6.31,True,2021-01-23 18:46,28,256
Chennai,Tamil Nadu,2,4.9,True,2021-01-20 05:11,28,43
Cuddalore,Tamil Nadu,1,8.24,True,2021-01-02 03:08,28,52
Tiruchirappalli,Tamil Nadu,2,8.91,True,2021-01-31 12:50,28,254
Erode,Tamil Nadu,2,5.18,False,2021-01-14 00:10,28,77
Chennai,Tamil Nadu,2,2.99,False,2021-01-30 03:30,28,43
Kanchipuram,Tamil Nadu,1,3.17,True,2021-01-10 03:59,28,123
Kanchipuram,Tamil Nadu,2,4.15,False,2021-01-30 04:18,28,123
Tiruchirappalli,Tamil Nadu,1,9.71,False,2021-01-02 13:22,28,254
Kanchipuram,Tamil Nadu,2,3.68,False,2021-01-31 10:51,28,123
Salem,Tamil Nadu,1,7.77,False,2021-01-02 12:57,28,222
Kanchipuram,Tamil Nadu,2,5.75,False,2021-01-31 08:49,28,123
Krishnagiri,Tamil Nadu,1,7.03,True,2021-01-02 11:51,28,149
Tiruvallur,Tamil Nadu,2,7.79,False,2021-01-30 09:42,28,256
Chennai,Tamil Nadu,2,5.01,True,2021-01-20 07:08,28,43
Chennai,Tamil Nadu,1,9.02,False,2021-01-09 10:15,28,43
Tiruchirappalli,Tamil Nadu,1,6.6,True,2021-01-01 16:20,28,254
Chennai,Tamil Nadu,2,15.1,True,2021-01-20 04:47,28,43
Kanchipuram,Tamil Nadu,2,40.12,True,2021-01-15 03:42,28,123
Chennai,Tamil Nadu,2,5.33,False,2021-01-14 14:45,28,43
Kanchipuram,Tamil Nadu,2,4.9,True,2021-01-15 03:14,28,123
Chennai,Tamil Nadu,2,5.05,True,2021-01-20 01:47,28,43
Salem,Tamil Nadu,2,5.51,True,2021-01-14 16:19,28,222
Coimbatore,Tamil Nadu,2,5.28,True,2021-01-30 16:59,28,50
Chennai,Tamil Nadu,2,5.45,True,2021-01-30 13:26,28,43
Namakkal,Tamil Nadu,2,5.41,True,2021-01-30 16:18,28,178
Pudukkottai,Tamil Nadu,2,8.39,True,2021-01-30 16:45,28,203
Coimbatore,Tamil Nadu,1,5.77,True,2021-01-02 16:22,28,50
Chennai,Tamil Nadu,1,5.45,True,2021-01-02 18:22,28,43
Coimbatore,Tamil Nadu,4,5.15,False,2021-01-19 02:34,28,50
Sivaganga,Tamil Nadu,1,5.29,False,2021-01-02 02:21,28,231
Chennai,Tamil Nadu,1,5.16,False,2021-01-01 08:05,28,43
Kanchipuram,Tamil Nadu,2,4.47,False,2021-01-20 17:59,28,123
Chennai,Tamil Nadu,2,5.57,False,2021-01-29 10:44,28,43
Kanchipuram,Tamil Nadu,4,4.22,True,2021-01-20 20:44,28,123
Tiruvallur,Tamil Nadu,2,3.76,False,2021-01-29 10:14,28,256
Coimbatore,Tamil Nadu,1,3.84,True,2021-01-03 08:53,28,50
Tirunelveli,Tamil Nadu,1,6.21,True,2021-01-12 02:11,28,255
Kanchipuram,Tamil Nadu,2,5.42,False,2021-01-18 17:20,28,123
Tiruvallur,Tamil Nadu,1,6.35,True,2021-01-09 15:27,28,256
Coimbatore,Tamil Nadu,2,3.45,False,2021-01-31 14:19,28,50
Kanyakumari,Tamil Nadu,2,4.75,False,2021-01-15 07:56,28,128
Chennai,Tamil Nadu,1,8.86,False,2021-01-09 10:24,28,43
Kanchipuram,Tamil Nadu,2,8.52,False,2021-01-29 11:40,28,123
Coimbatore,Tamil Nadu,1,11.01,False,2021-01-01 11:03,28,50
Nilgiris,Tamil Nadu,2,4.55,False,2021-01-31 16:30,28,184
Coimbatore,Tamil Nadu,1,4.98,True,2021-01-03 09:04,28,50
Hyderabad,Telangana,2,4.68,True,2021-01-26 10:02,29,102
Hyderabad,Telangana,1,3.44,True,2021-01-06 13:27,29,102
Hyderabad,Telangana,2,4.69,False,2021-01-17 08:22,29,102
Hyderabad,Telangana,2,4.79,False,2021-01-14 10:27,29,102
Hyderabad,Telangana,2,5.52,False,2021-01-25 11:26,29,102
Hyderabad,Telangana,2,3.58,True,2021-01-26 08:36,29,102
Hyderabad,Telangana,2,3.83,False,2021-01-24 09:27,29,102
Hyderabad,Telangana,1,11.88,True,2021-01-01 09:47,29,102
Mahabub Nagar,Telangana,2,5.36,True,2021-01-25 17:39,29,157
Medak,Telangana,2,5.89,True,2021-01-25 03:12,29,163
K.V.Rangareddy,Telangana,1,3.83,True,2021-01-01 10:15,29,120
K.V.Rangareddy,Telangana,2,5.92,True,2021-01-25 07:47,29,120
Hyderabad,Telangana,2,4.48,False,2021-01-31 11:48,29,102
K.V.Rangareddy,Telangana,2,4.58,False,2021-01-31 12:25,29,120
K.V.Rangareddy,Telangana,2,5.76,True,2021-01-13 05:36,29,120
Hyderabad,Telangana,2,4.44,True,2021-01-31 14:54,29,102
Hyderabad,Telangana,2,4.92,True,2021-01-25 02:04,29,102
Hyderabad,Telangana,2,2.86,False,2021-01-29 06:13,29,102
Hyderabad,Telangana,2,10.76,True,2021-01-30 13:20,29,102
Hyderabad,Telangana,4,4.97,False,2021-01-29 05:06,29,102
K.V.Rangareddy,Telangana,1,2.67,True,2021-01-03 11:50,29,120
Hyderabad,Telangana,2,9.01,True,2021-01-29 00:26,29,102
Hyderabad,Telangana,2,6.6,False,2021-01-29 09:11,29,102
Hyderabad,Telangana,1,3.95,False,2021-01-04 04:56,29,102
K.V.Rangareddy,Telangana,2,3.31,False,2021-01-28 21:39,29,120
Hyderabad,Telangana,1,35.03,True,2021-01-04 06:13,29,102
Hyderabad,Telangana,2,4.8,False,2021-01-17 08:57,29,102
Medak,Telangana,2,3.52,True,2021-01-15 09:37,29,163
Rangareddy,Telangana,2,7.36,False,2021-01-28 15:16,29,213
Hyderabad,Telangana,2,3.8,True,2021-01-15 11:48,29,102
K.V.Rangareddy,Telangana,2,4.62,False,2021-01-28 11:31,29,120
Hyderabad,Telangana,1,4.1,True,2021-01-03 04:42,29,102
Hyderabad,Telangana,1,5.85,True,2021-01-02 06:14,29,102
Nalgonda,Telangana,2,4.76,True,2021-01-28 07:55,29,177
Warangal,Telangana,2,4.03,False,2021-01-28 05:04,29,272
Medak,Telangana,2,2.78,False,2021-01-28 04:56,29,163
Hyderabad,Telangana,2,4.38,True,2021-01-27 20:28,29,102
Hyderabad,Telangana,2,3.1,True,2021-01-27 19:24,29,102
Hyderabad,Telangana,2,3.42,False,2021-01-27 18:13,29,102
K.V.Rangareddy,Telangana,2,6.39,True,2021-01-29 17:22,29,120
K.V.Rangareddy,Telangana,1,3.44,False,2021-01-05 00:11,29,120
Warangal,Telangana,1,6.06,True,2021-01-02 13:10,29,272
Karim Nagar,Telangana,2,5.99,True,2021-01-30 07:06,29,132
K.V.Rangareddy,Telangana,2,5.78,False,2021-01-16 10:23,29,120
Hyderabad,Telangana,2,7.21,True,2021-01-27 02:38,29,102
Hyderabad,Telangana,2,6.18,True,2021-01-26 17:41,29,102
Hyderabad,Telangana,4,3.28,True,2021-01-14 19:20,29,102
Nalgonda,Telangana,2,3.77,True,2021-01-28 05:47,29,177
Hyderabad,Telangana,2,4.71,False,2021-01-11 10:15,29,102
Hyderabad,Telangana,2,3.87,True,2021-01-23 05:44,29,102
Hyderabad,Telangana,1,5.28,False,2021-01-10 06:46,29,102
Hyderabad,Telangana,1,2.79,True,2021-01-07 05:29,29,102
Hyderabad,Telangana,2,4.15,False,2021-01-18 04:24,29,102
K.V.Rangareddy,Telangana,1,5.47,True,2021-01-10 13:40,29,120
Hyderabad,Telangana,2,3.61,True,2021-01-07 10:02,29,102
Hyderabad,Telangana,2,3.33,False,2021-01-21 20:32,29,102
K.V.Rangareddy,Telangana,2,3.84,True,2021-01-21 07:35,29,120
Hyderabad,Telangana,2,3.13,True,2021-01-19 02:22,29,102
K.V.Rangareddy,Telangana,2,4.1,False,2021-01-21 09:03,29,120
Karim Nagar,Telangana,1,4.11,False,2021-01-10 21:44,29,132
Hyderabad,Telangana,1,11.97,True,2021-01-20 07:52,29,102
K.V.Rangareddy,Telangana,2,9.62,False,2021-01-22 12:11,29,120
Hyderabad,Telangana,1,3.93,True,2021-01-11 05:38,29,102
Hyderabad,Telangana,2,4.4,True,2021-01-17 15:16,29,102
Nizamabad,Telangana,2,9.99,False,2021-01-22 07:28,29,185
Khammam,Telangana,2,4.37,False,2021-01-21 17:18,29,136
Adilabad,Telangana,2,4.97,True,2021-01-22 06:48,29,0
K.V.Rangareddy,Telangana,2,4.47,False,2021-01-17 14:09,29,120
Hyderabad,Telangana,2,6.72,True,2021-01-22 06:22,29,102
Hyderabad,Telangana,2,3.0,True,2021-01-22 04:13,29,102
Khammam,Telangana,1,3.8,True,2021-01-08 06:25,29,136
Hyderabad,Telangana,2,3.66,True,2021-01-21 14:08,29,102
Hyderabad,Telangana,1,3.97,True,2021-01-12 01:47,29,102
Hyderabad,Telangana,2,5.45,True,2021-01-11 16:48,29,102
K.V.Rangareddy,Telangana,2,4.7,False,2021-01-17 12:07,29,120
Hyderabad,Telangana,1,3.81,False,2021-01-11 09:47,29,102
Hyderabad,Telangana,2,5.56,True,2021-01-17 10:33,29,102
Hyderabad,Telangana,1,2.92,True,2021-01-07 02:35,29,102
Hyderabad,Telangana,2,5.01,False,2021-01-20 07:59,29,102
K.V.Rangareddy,Telangana,2,4.25,True,2021-01-23 18:39,29,120
K.V.Rangareddy,Telangana,1,2.96,True,2021-01-07 02:18,29,120
K.V.Rangareddy,Telangana,2,6.65,True,2021-01-23 17:12,29,120
K.V.Rangareddy,Telangana,2,11.61,True,2021-01-20 15:34,29,120
K.V.Rangareddy,Telangana,2,4.71,False,2021-01-23 09:10,29,120
Mahabub Nagar,Telangana,2,5.77,False,2021-01-18 06:08,29,157
Agartala,Tripura,2,14.73,True,2021-01-28 15:41,30,1
West Tripura,Tripura,2,25.1,True,2021-01-27 03:37,30,279
West Tripura,Tripura,2,9.42,True,2021-01-17 16:52,30,279
Gautam Buddha Nagar,Uttar Pradesh,2,5.32,False,2021-01-29 18:11,31,86
Aligarh,Uttar Pradesh,2,2.35,False,2021-01-13 23:33,31,6
Ghaziabad,Uttar Pradesh,2,2.62,False,2021-01-21 15:53,31,87
Moradabad,Uttar Pradesh,2,4.74,False,2021-01-08 14:13,31,168
Agra,Uttar Pradesh,2,2.78,True,2021-01-19 10:40,31,2
Ghaziabad,Uttar Pradesh,1,1.42,False,2021-01-11 18:14,31,87
Lucknow,Uttar Pradesh,2,3.39,False,2021-01-17 16:05,31,155
Barabanki,Uttar Pradesh,1,5.03,True,2021-01-08 11:08,31,21
Gautam Buddha Nagar,Uttar Pradesh,2,4.02,True,2021-01-30 06:20,31,86
Lucknow,Uttar Pradesh,2,3.34,False,2021-01-15 14:22,31,155
Gautam Buddha Nagar,Uttar Pradesh,1,2.53,False,2021-01-04 15:29,31,86
Ghaziabad,Uttar Pradesh,2,6.5,True,2021-01-27 17:15,31,87
Ghaziabad,Uttar Pradesh,2,1.32,True,2021-01-27 16:08,31,87
Ghaziabad,Uttar Pradesh,2,2.61,True,2021-01-14 16:18,31,87
Deoria,Uttar Pradesh,1,4.59,True,2021-01-11 15:29,31,61
Gautam Buddha Nagar,Uttar Pradesh,1,1.57,False,2021-01-01 16:35,31,86
Meerut,Uttar Pradesh,2,1.86,False,2021-01-16 05:39,31,164
Lucknow,Uttar Pradesh,2,2.83,True,2021-01-18 07:47,31,155
Gautam Buddha Nagar,Uttar Pradesh,2,1.71,False,2021-01-20 11:44,31,86
Aligarh,Uttar Pradesh,2,4.51,True,2021-01-17 18:50,31,6
Lucknow,Uttar Pradesh,1,4.71,True,2021-01-02 15:25,31,155
Gautam Buddha Nagar,Uttar Pradesh,2,4.78,True,2021-01-29 12:51,31,86
Jhansi,Uttar Pradesh,2,5.61,False,2021-01-29 10:29,31,115
Gautam Buddha Nagar,Uttar Pradesh,2,5.15,False,2021-01-15 06:03,31,86
Kanpur Dehat,Uttar Pradesh,2,7.58,False,2021-01-30 12:31,31,126
Ghaziabad,Uttar Pradesh,2,1.05,False,2021-01-18 04:58,31,87
Kanpur Dehat,Uttar Pradesh,2,2.53,False,2021-01-29 10:26,31,126
Gautam Buddha Nagar,Uttar Pradesh,2,2.07,False,2021-01-15 04:40,31,86
Lucknow,Uttar Pradesh,2,2.71,False,2021-01-12 05:53,31,155
Banda,Uttar Pradesh,2,6.71,False,2021-01-29 08:39,31,17
Bareilly,Uttar Pradesh,2,5.3,False,2021-01-29 17:05,31,23
Ghaziabad,Uttar Pradesh,2,2.45,True,2021-01-15 13:35,31,87
Greater Noida,Uttar Pradesh,2,3.04,False,2021-01-09 09:00,31,91
Lucknow,Uttar Pradesh,1,5.0,False,2021-01-09 07:07,31,155
Agra,Uttar Pradesh,2,3.4,False,2021-01-30 13:58,31,2
Meerut,Uttar Pradesh,2,4.02,False,2021-01-09 06:01,31,164
Kanpur Nagar,Uttar Pradesh,2,2.37,False,2021-01-19 17:13,31,127
Lucknow,Uttar Pradesh,2,2.73,False,2021-01-19 15:59,31,155
Bareilly,Uttar Pradesh,2,2.53,False,2021-01-13 18:19,31,23
Mau,Uttar Pradesh,2,3.42,True,2021-01-13 20:42,31,161
Lucknow,Uttar Pradesh,2,3.67,True,2021-01-21 09:55,31,155
Lucknow,Uttar Pradesh,1,2.42,False,2021-01-06 17:37,31,155
Meerut,Uttar Pradesh,2,2.5,False,2021-01-29 12:04,31,164
Ghaziabad,Uttar Pradesh,2,1.44,True,2021-01-19 19:23,31,87
Kanpur Nagar,Uttar Pradesh,1,4.48,True,2021-01-10 16:47,31,127
Lucknow,Uttar Pradesh,2,2.03,False,2021-01-19 08:01,31,155
Ghaziabad,Uttar Pradesh,2,1.38,False,2021-01-18 19:30,31,87
Saharanpur,Uttar Pradesh,1,3.36,True,2021-01-12 18:46,31,221
Allahabad,Uttar Pradesh,2,3.36,True,2021-01-22 16:04,31,7
Ghaziabad,Uttar Pradesh,1,2.99,True,2021-01-01 05:56,31,87
Gautam Buddha Nagar,Uttar Pradesh,2,1.61,True,2021-01-22 16:44,31,86
Lucknow,Uttar Pradesh,2,2.81,True,2021-01-06 08:03,31,155
Lucknow,Uttar Pradesh,1,3.71,False,2021-01-26 10:00,31,155
Ghaziabad,Uttar Pradesh,2,5.53,True,2021-01-24 11:51,31,87
Gonda,Uttar Pradesh,2,5.39,True,2021-01-24 18:48,31,89
Ghaziabad,Uttar Pradesh,2,2.38,True,2021-01-05 15:54,31,87
Ghaziabad,Uttar Pradesh,2,1.33,False,2021-01-05 17:07,31,87
Gautam Buddha Nagar,Uttar Pradesh,2,1.45,False,2021-01-22 18:34,31,86
Dhampur,Uttar Pradesh,2,8.9,False,2021-01-23 08:14,31,62
Lucknow,Uttar Pradesh,1,3.03,False,2021-01-13 06:21,31,155
Lucknow,Uttar Pradesh,1,3.73,False,2021-01-05 18:52,31,155
Agra,Uttar Pradesh,4,2.46,False,2021-01-21 18:03,31,2
Meerut,Uttar Pradesh,4,2.9,False,2021-01-06 08:49,31,164
Sultanpur,Uttar Pradesh,2,5.42,True,2021-01-22 19:34,31,244
Gautam Buddha Nagar,Uttar Pradesh,1,1.92,False,2021-01-06 08:22,31,86
Gautam Buddha Nagar,Uttar Pradesh,2,1.42,False,2021-01-18 18:22,31,86
Gautam Buddha Nagar,Uttar Pradesh,2,6.53,True,2021-01-13 00:56,31,86
Jaunpur,Uttar Pradesh,2,4.07,True,2021-01-23 05:58,31,113
Azamgarh,Uttar Pradesh,1,5.93,True,2021-01-11 13:34,31,14
Gorakhpur,Uttar Pradesh,1,3.91,True,2021-01-13 07:31,31,90
Meerut,Uttar Pradesh,1,1.92,False,2021-01-07 05:20,31,164
Agra,Uttar Pradesh,1,5.65,True,2021-01-08 09:18,31,2
Kanpur Dehat,Uttar Pradesh,2,3.01,True,2021-01-22 01:13,31,126
Lucknow,Uttar Pradesh,2,4.18,True,2021-01-24 02:24,31,155
Ghaziabad,Uttar Pradesh,2,1.89,False,2021-01-31 07:19,31,87
Agra,Uttar Pradesh,2,4.06,True,2021-01-22 03:23,31,2
Gautam Buddha Nagar,Uttar Pradesh,1,1.07,False,2021-01-05 02:52,31,86
Muzaffarnagar,Uttar Pradesh,2,1.93,False,2021-01-16 06:44,31,172
Varanasi,Uttar Pradesh,2,3.78,True,2021-01-24 08:16,31,266
Ghaziabad,Uttar Pradesh,1,1.77,False,2021-01-11 05:15,31,87
Lucknow,Uttar Pradesh,1,2.73,True,2021-01-05 06:22,31,155
Gautam Buddha Nagar,Uttar Pradesh,1,1.01,False,2021-01-08 04:16,31,86
Ghaziabad,Uttar Pradesh,2,1.55,True,2021-01-26 17:12,31,87
Ghaziabad,Uttar Pradesh,1,1.66,True,2021-01-11 08:58,31,87
Gautam Buddha Nagar,Uttar Pradesh,1,2.98,True,2021-01-01 04:51,31,86
Noida,Uttar Pradesh,4,11.75,True,2021-01-22 10:43,31,186
Kanpur Nagar,Uttar Pradesh,1,2.27,True,2021-01-06 18:19,31,127
Gautam Buddha Nagar,Uttar Pradesh,1,1.8,True,2021-01-01 12:27,31,86
Meerut,Uttar Pradesh,1,2.66,False,2021-01-11 10:26,31,164
Lucknow,Uttar Pradesh,2,4.91,True,2021-01-13 12:10,31,155
Ghaziabad,Uttar Pradesh,1,2.78,False,2021-01-07 09:10,31,87
Haridwar,Uttarakhand,2,3.41,True,2021-01-18 14:37,32,98
Dehradun,Uttarakhand,1,4.89,True,2021-01-07 05:45,32,60
Udham Singh Nagar,Uttarakhand,2,2.82,True,2021-01-18 05:12,32,260
Dehradun,Uttarakhand,2,3.84,True,2021-01-11 08:24,32,60
Dehradun,Uttarakhand,2,3.86,True,2021-01-30 09:17,32,60
Dehradun,Uttarakhand,1,4.32,True,2021-01-04 04:48,32,60
Haridwar,Uttarakhand,1,5.52,True,2021-01-01 19:13,32,98
Dehradun,Uttarakhand,2,7.56,True,2021-01-28 14:56,32,60
Pauri Garhwal,Uttarakhand,2,3.37,True,2021-01-31 17:06,32,201
Haridwar,Uttarakhand,2,2.83,True,2021-01-27 05:04,32,98
Udham Singh Nagar,Uttarakhand,2,1.67,True,2021-01-27 07:48,32,260
Dehradun,Uttarakhand,2,2.14,True,2021-01-23 05:06,32,60
Dehradun,Uttarakhand,2,7.44,False,2021-01-22 17:11,32,60
East Midnapore,West Bengal,2,5.51,True,2021-01-14 09:49,33,73
Kolkata,West Bengal,1,6.69,True,2021-01-10 07:32,33,141
Jalpaiguri,West Bengal,1,10.92,True,2021-01-02 11:09,33,109
Kolkata,West Bengal,2,3.69,True,2021-01-18 13:37,33,141
Darjiling,West Bengal,2,7.04,True,2021-01-20 02:11,33,58
Murshidabad,West Bengal,2,5.41,False,2021-01-14 13:01,33,171
Howrah,West Bengal,2,4.7,True,2021-01-18 14:02,33,101
Cooch Behar,West Bengal,1,4.75,True,2021-01-11 06:53,33,51
East Midnapore,West Bengal,1,5.7,True,2021-01-01 17:23,33,73
Bardhaman,West Bengal,2,3.64,False,2021-01-19 11:02,33,22
Darjiling,West Bengal,1,13.32,True,2021-01-01 18:42,33,58
Kolkata,West Bengal,2,3.41,True,2021-01-14 16:24,33,141
Darjiling,West Bengal,2,2.89,True,2021-01-19 05:27,33,58
Hooghly,West Bengal,1,4.41,False,2021-01-14 19:12,33,99
North 24 Parganas,West Bengal,2,3.57,False,2021-01-31 12:52,33,187
Darjiling,West Bengal,2,4.77,False,2021-01-19 12:41,33,58
Bardhaman,West Bengal,2,4.43,True,2021-01-14 12:45,33,22
Kolkata,West Bengal,2,5.52,False,2021-01-10 16:39,33,141
North 24 Parganas,West Bengal,2,4.6,False,2021-01-31 14:46,33,187
North 24 Parganas,West Bengal,1,5.2,False,2021-01-02 06:49,33,187
Howrah,West Bengal,2,7.19,True,2021-01-20 01:45,33,101
South 24 Parganas,West Bengal,2,5.45,True,2021-01-30 13:13,33,237
Howrah,West Bengal,4,3.18,True,2021-01-20 04:23,33,101
North 24 Parganas,West Bengal,2,4.43,False,2021-01-23 19:39,33,187
Kolkata,West Bengal,2,3.49,True,2021-01-28 16:16,33,141
Kolkata,West Bengal,2,4.39,False,2021-01-11 16:56,33,141
Howrah,West Bengal,2,4.63,True,2021-01-27 09:45,33,101
North 24 Parganas,West Bengal,2,9.81,True,2021-01-27 05:27,33,187
Kolkata,West Bengal,1,6.64,True,2021-01-08 08:36,33,141
Kolkata,West Bengal,2,4.04,True,2021-01-27 01:16,33,141
North 24 Parganas,West Bengal,2,5.61,False,2021-01-16 11:19,33,187
South 24 Parganas,West Bengal,2,4.64,True,2021-01-22 09:48,33,237
Kolkata,West Bengal,1,5.07,True,2021-01-05 09:54,33,141
North 24 Parganas,West Bengal,2,4.81,True,2021-01-22 11:44,33,187
Bardhaman,West Bengal,2,5.31,True,2021-01-16 16:12,33,22
Kolkata,West Bengal,1,3.8,True,2021-01-07 11:41,33,141
Kolkata,West Bengal,2,3.88,True,2021-01-26 09:02,33,141
Nadia,West Bengal,1,3.84,False,2021-01-16 06:15,33,175
Kolkata,West Bengal,2,4.63,True,2021-01-26 08:01,33,141
North 24 Parganas,West Bengal,2,3.89,True,2021-01-23 02:57,33,187
South 24 Parganas,West Bengal,2,5.69,True,2021-01-23 07:08,33,237
Kolkata,West Bengal,2,4.2,False,2021-01-06 07:08,33,141
North 24 Parganas,West Bengal,2,4.93,False,2021-01-17 03:01,33,187
Darjiling,West Bengal,1,3.83,True,2021-01-07 05:10,33,58
Nadia,West Bengal,1,5.05,True,2021-01-07 04:49,33,175
North 24 Parganas,West Bengal,2,13.93,True,2021-01-25 03:14,33,187
North 24 Parganas,West Bengal,2,3.65,False,2021-01-24 15:53,33,187
Howrah,West Bengal,1,4.6,True,2021-01-06 12:41,33,101
Bankura,West Bengal,1,4.44,False,2021-01-06 15:15,33,20
Kolkata,West Bengal,2,3.99,True,2021-01-24 05:48,33,141
North 24 Parganas,West Bengal,2,3.93,False,2021-01-26 05:48,33,187
Bardhaman,West Bengal,1,4.54,True,2021-01-04 18:28,33,22
Howrah,West Bengal,2,6.4,True,2021-01-15 17:42,33,101
Kolkata,West Bengal,2,4.9,False,2021-01-17 15:12,33,141
Hooghly,West Bengal,2,6.31,False,2021-01-20 17:53,33,99
Kolkata,West Bengal,2,3.48,True,2021-01-29 11:30,33,141
West Midnapore,West Bengal,2,21.02,True,2021-01-21 03:07,33,278
Kolkata,West Bengal,2,6.66,False,2021-01-09 12:44,33,141
Hooghly,West Bengal,1,5.92,True,2021-01-03 08:54,33,99
Kolkata,West Bengal,1,4.77,False,2021-01-09 12:04,33,141
South 24 Parganas,West Bengal,2,7.71,True,2021-01-29 09:08,33,237
Kolkata,West Bengal,2,3.62,True,2021-01-29 08:50,33,141
Kolkata,West Bengal,2,5.37,False,2021-01-13 18:58,33,141
Kolkata,West Bengal,2,5.85,False,2021-01-21 05:54,33,141
North 24 Parganas,West Bengal,1,6.89,True,2021-01-09 07:14,33,187
Kolkata,West Bengal,1,4.06,False,2021-01-04 04:56,33,141
Kolkata,West Bengal,2,5.76,True,2021-01-21 06:53,33,141
Nadia,West Bengal,2,4.78,False,2021-01-21 07:08,33,175
South 24 Parganas,West Bengal,1,4.23,False,2021-01-04 05:14,33,237
Bardhaman,West Bengal,2,3.88,False,2021-01-18 03:12,33,22
Nadia,West Bengal,2,7.28,True,2021-01-28 19:12,33,175
North 24 Parganas,West Bengal,2,2.99,False,2021-01-18 00:45,33,187
North 24 Parganas,West Bengal,1,2.08,True,2021-01-04 06:34,33,187
Kolkata,West Bengal,2,2.17,True,2021-01-09 03:43,33,141
Darjiling,West Bengal,2,5.59,True,2021-01-21 12:56,33,58
South 24 Parganas,West Bengal,1,9.62,True,2021-01-08 20:10,33,237
North 24 Parganas,West Bengal,2,6.44,True,2021-01-21 13:39,33,187
Darjiling,West Bengal,1,8.99,True,2021-01-04 10:05,33,58
East Midnapore,West Bengal,2,7.95,False,2021-01-28 04:02,33,73
Kolkata,West Bengal,2,6.83,False,2021-01-20 10:22,33,141
Kolkata,West Bengal,2,4.21,True,2021-01-06 06:52,33,141
